Designator,Value,Footprint,Library Ref,Description,Sheet,DNP,Applications,Assembly Notes,Availability,Bidirectional Channels,Capacitance,Capacitance @ Frequency,Capacitance @ Vr- F,Case Code (Imperial),Case Code (Metric),Case/Package,Category,CategorySort,Check_prices,Color,Comment,ComponentLink1Description,ComponentLink1URL,ComponentLink2Description,ComponentLink2URL,ComponentLink3Description,ComponentLink3URL,ComponentLink4Description,ComponentLink4URL,ComponentLink5Description,ComponentLink5URL,ComponentLink6Description,ComponentLink6URL,Composition,Current - Average Rectified (Io),Current - Peak Pulse (10/1000µs),Current - Reverse Leakage @ Vr,Current - Test,DCR Max (Ohms),Depth,Dielectric,Diode Suffix,Diode Type,ESR (Equivalent Series Resistance),Features,Frequency,Frequency Tolerance,Halogen Free,Height,Height (mm),High Level Output Current,IRMS,Inductance (uH),Isat (A),JLCPCB Part #,Lead Free,Length,Lens Style/Size,Lens Type,Limiting Element Voltage,Load Capacitance,Logic Function,Low Level Output Current,Luminous Flux @ Current - Test,Manufacturer,Manufacturer Part Number,Max Operating Temperature,Max Supply Voltage,Maximum Overload Voltage,Maximum Working Voltage,Millicandela Rating,Min Operating Temperature,Min Supply Voltage,Mount,Mounting Type,Num Pins,Number of Bits,Number of Bits per Element,Number of Channels,Number of Elements,Number of Gates,Number of Input Lines,Number of Inputs,Number of Output Lines,Number of Outputs,Number of Pins,Number of Terminations,Operating Temperature,Package,Package / Case,Package Power,Package Quantity,Packaging,Part Number,Polarity,Power (Watts),Power - Peak Pulse,Power Line Protection,Price,Pricing,Pricing 1,Propagation Delay,Purchase-URL,Quiescent Current,REACH SVHC,Radiation Hardening,Rating,Ratings,Resistance (Ohms),Resistor Type,Reverse Recovery Time (trr),RoHS,RoHS Compliant,SRF typ (MHz),Series,Shielding,Size / Dimension,SnapEDA_Link,Sort Value,Sort Value Package,SortValue,Speed,Stock,Stock 1,Substitution Notes,Supplier 1,Supplier 2,Supplier Device Package,Supplier Package,Supplier Part Number 1,Supplier Part Number 2,Supplier Unit Price 1,Technology,Temperature Coefficient,Termination,Thickness,Thickness (Max),Tolerance,Turn-On Delay Time,Type,Unidirectional Channels,Value,Viewing Angle,Voltage - Breakdown (Min),Voltage - Clamping (Max) @ Ipp,Voltage - DC Reverse (Vr) (Max),Voltage - Forward (Vf) (Max) @ If,Voltage - Forward (Vf) Typ,Voltage - Rated,Voltage - Reverse Standoff (Typ),Voltage Rating,Voltage Rating (DC),Wavelength - Dominant,Wavelength - Peak,Width,cad-reference,category,classification,id,jlc_pn,kicad-footprint,kicad-footprint-path,kicad-symbol,kicad-symbol-path,manufacturer,mpn,table
C1,2.2µF,C0603_0.90MM_MD,C_2P_NP,CAP CER 2.2UF 6.3V X7R 0603,RT_SUPER_C1.SchDoc,No,,,,,,,,,,,,,,,=Value,,,,,,,,,,,,,,,,,,,,,,,,,,,,,,,,,,,,,,,,,,,,,,,,,,,,,,,,,,,,,,,,,,,-55°C ~ 125°C,603,,,,,,,,,,,,,,,,,,,AEC-Q200,,,,,,,,,,,,,,,,,"2.2µF , 6.3V , ±10% , X7R , -55°C ~ 125°C , AEC-Q200 , 0603",,,,,,,,,X7R,,,0.90MM,±10%,,,,2.2µF,,,,,,,6.3V,,,,,,,GCM188R70J225KE22D,,capacitors/Murata_C0603,019a404f-4691-7d07-43f1-8d708eb8f7ec,C126582,C0603_0.90MM_MD,footprints\C0603_0.90MM_MD.kicad_mod,C_2P_NP,symbols\C_2P_NP.kicad_sym,Murata Electronics,GCM188R70J225KE22D,
C10,1µF,C0402_0.55MM_HD,C_2P_NP,CAP CER 1UF 10V X7S 0402,RT_SUPER_C1.SchDoc,No,,,,,,,,,,,Capacitors,,,,=Value,Datasheet (Internal),https://www.murata.com/~/media/webrenewal/support/library/catalog/products/capacitor/mlcc/c03e.ashx?la=en-us,Datasheet (External),https://www.murata.com/~/media/webrenewal/support/library/catalog/products/capacitor/mlcc/c03e.ashx?la=en-us,,,,,,,,,,,,,,,,,,,,,,,,,,,,,,,,,,,,,,,,Murata Electronics,GCM155C71A105KE38D,,,,,,,,,,,,,,,,,,,,,,-55°C ~ 125°C,0402,,,,,,,,,,,,,,,,,,,AEC-Q200,,,,,,,,,,,,,,,,,"1µF , 10V , ±10% , X7S , -55°C ~ 125°C , AEC-Q200 , 0402",Digikey,,,,490-13409-1-ND,,,,X7S,,,0.55MM,±10%,,,,1µF,,,,,,,10V,,,,,,,,,,,,,,,,,,
C11,8pF,C0402_0.55MM_HD,C_2P_NP,CAP CER 8PF 50V C0G/NP0 0402,RT_SUPER_C1.SchDoc,No,,,,,,,,,,,,,,,=Value,Datasheet (Internal),https://www.murata.com/~/media/webrenewal/support/library/catalog/products/capacitor/mlcc/c03e.ashx?la=en-us,Datasheet (External),https://www.murata.com/~/media/webrenewal/support/library/catalog/products/capacitor/mlcc/c03e.ashx?la=en-us,,,,,,,,,,,,,,,,,,,,,,,,,,,,,,,,,,,,,,,,,,,,,,,,,,,,,,,,,,,,,,,-55°C ~ 125°C,402,,,,,,,,,,,,,,,,,,,AEC-Q200,,,,,,,,,,,,,,,,,"8pF , 50V , ±0.5pF , C0G, NP0 , -55°C ~ 125°C , AEC-Q200 , 0402",Digikey,,,,490-13294-1-ND,,,,"C0G, NP0",,,0.55MM,±0.5pF,,,,8pF,,,,,,,50V,,,,,,,GCM1555C1H8R0DA16D,,capacitors/Murata_C0402,019a404f-4218-7c53-d35c-d6453855ed4c,,C0402_0.55MM_MD,footprints\C0402_0.55MM_MD.kicad_mod,C_2P_NP,symbols\C_2P_NP.kicad_sym,Murata Electronics,GCM1555C1H8R0DA16D,
C12,0.1uF 6v,C0201_PERFECT,CC0201KRX5R5BB104,Cap Ceramic 0.1uF 6.3VDC X5R 10% SMD 0201 Paper T/R,RT_SUPER_C1.SchDoc,No,,,,,100nF,,,0201,0603,0201,Ceramic Capacitors,,,,=Value,https://datasheet.ciiva.com/176/mlccorderingcode-176765.pdf?src-supplier=Digi-Key,https://datasheet.ciiva.com/176/mlccorderingcode-176765.pdf?src-supplier=Digi-Key,https://datasheet.ciiva.com/176/mlccorderingcode-176766.pdf?src-supplier=Digi-Key,https://datasheet.ciiva.com/176/mlccorderingcode-176766.pdf?src-supplier=Digi-Key,https://datasheet.ciiva.com/176/mlccorderingcode-176767.pdf?src-supplier=Digi-Key,https://datasheet.ciiva.com/176/mlccorderingcode-176767.pdf?src-supplier=Digi-Key,https://datasheet.ciiva.com/28450/1359354-28450200.pdf?src-supplier=Element14,https://datasheet.ciiva.com/28450/1359354-28450200.pdf?src-supplier=Element14,https://datasheet.ciiva.com/7656/1525783-7656597.pdf?src-supplier=Element14,https://datasheet.ciiva.com/7656/1525783-7656597.pdf?src-supplier=Element14,,,,,,,,,0.3mm,X5R,,,,,,,Halogen Free,0.3mm,,,,,,,Lead Free,0.6mm,,,,,,,,Yageo,CC0201KRX5R5BB104,85°C,,,,,-55°C,,Surface Mount,,,,,,,,,,,,2,,,,,,1,Tape and Reel,,,,,,,"1=0.10000, 10=0.02400, 50=0.01340, 100=0.01090, 500=0.00776, 1000=0.00610, 2500=0.00555, 5000=0.00510 (USD)",,,,,No SVHC,,,,,Ceramic,,Yes,Yes,,CC,,,,,,,,2999877,,,Digi-Key,,,,311-1408-1-ND,,,,,SMD/SMT,0.013inch,,10%,,,,0.1uF 6v,,,,,,,,,6.3V,6.3V,,,0.3mm,,,,,,,,,,,,
C13,0.1uF 6v,C0201_PERFECT,CC0201KRX5R5BB104,Cap Ceramic 0.1uF 6.3VDC X5R 10% SMD 0201 Paper T/R,RT_SUPER_C1.SchDoc,No,,,,,100nF,,,0201,0603,0201,Ceramic Capacitors,,,,=Value,https://datasheet.ciiva.com/176/mlccorderingcode-176765.pdf?src-supplier=Digi-Key,https://datasheet.ciiva.com/176/mlccorderingcode-176765.pdf?src-supplier=Digi-Key,https://datasheet.ciiva.com/176/mlccorderingcode-176766.pdf?src-supplier=Digi-Key,https://datasheet.ciiva.com/176/mlccorderingcode-176766.pdf?src-supplier=Digi-Key,https://datasheet.ciiva.com/176/mlccorderingcode-176767.pdf?src-supplier=Digi-Key,https://datasheet.ciiva.com/176/mlccorderingcode-176767.pdf?src-supplier=Digi-Key,https://datasheet.ciiva.com/28450/1359354-28450200.pdf?src-supplier=Element14,https://datasheet.ciiva.com/28450/1359354-28450200.pdf?src-supplier=Element14,https://datasheet.ciiva.com/7656/1525783-7656597.pdf?src-supplier=Element14,https://datasheet.ciiva.com/7656/1525783-7656597.pdf?src-supplier=Element14,,,,,,,,,0.3mm,X5R,,,,,,,Halogen Free,0.3mm,,,,,,,Lead Free,0.6mm,,,,,,,,Yageo,CC0201KRX5R5BB104,85°C,,,,,-55°C,,Surface Mount,,,,,,,,,,,,2,,,,,,1,Tape and Reel,,,,,,,"1=0.10000, 10=0.02400, 50=0.01340, 100=0.01090, 500=0.00776, 1000=0.00610, 2500=0.00555, 5000=0.00510 (USD)",,,,,No SVHC,,,,,Ceramic,,Yes,Yes,,CC,,,,,,,,2999877,,,Digi-Key,,,,311-1408-1-ND,,,,,SMD/SMT,0.013inch,,10%,,,,0.1uF 6v,,,,,,,,,6.3V,6.3V,,,0.3mm,,,,,,,,,,,,
C14,0.1uF 6v,C0201_PERFECT,CC0201KRX5R5BB104,Cap Ceramic 0.1uF 6.3VDC X5R 10% SMD 0201 Paper T/R,RT_SUPER_C1.SchDoc,No,,,,,100nF,,,0201,0603,0201,Ceramic Capacitors,,,,=Value,https://datasheet.ciiva.com/176/mlccorderingcode-176765.pdf?src-supplier=Digi-Key,https://datasheet.ciiva.com/176/mlccorderingcode-176765.pdf?src-supplier=Digi-Key,https://datasheet.ciiva.com/176/mlccorderingcode-176766.pdf?src-supplier=Digi-Key,https://datasheet.ciiva.com/176/mlccorderingcode-176766.pdf?src-supplier=Digi-Key,https://datasheet.ciiva.com/176/mlccorderingcode-176767.pdf?src-supplier=Digi-Key,https://datasheet.ciiva.com/176/mlccorderingcode-176767.pdf?src-supplier=Digi-Key,https://datasheet.ciiva.com/28450/1359354-28450200.pdf?src-supplier=Element14,https://datasheet.ciiva.com/28450/1359354-28450200.pdf?src-supplier=Element14,https://datasheet.ciiva.com/7656/1525783-7656597.pdf?src-supplier=Element14,https://datasheet.ciiva.com/7656/1525783-7656597.pdf?src-supplier=Element14,,,,,,,,,0.3mm,X5R,,,,,,,Halogen Free,0.3mm,,,,,,,Lead Free,0.6mm,,,,,,,,Yageo,CC0201KRX5R5BB104,85°C,,,,,-55°C,,Surface Mount,,,,,,,,,,,,2,,,,,,1,Tape and Reel,,,,,,,"1=0.10000, 10=0.02400, 50=0.01340, 100=0.01090, 500=0.00776, 1000=0.00610, 2500=0.00555, 5000=0.00510 (USD)",,,,,No SVHC,,,,,Ceramic,,Yes,Yes,,CC,,,,,,,,2999877,,,Digi-Key,,,,311-1408-1-ND,,,,,SMD/SMT,0.013inch,,10%,,,,0.1uF 6v,,,,,,,,,6.3V,6.3V,,,0.3mm,,,,,,,,,,,,
C15,0.1uF 6v,C0201_PERFECT,CC0201KRX5R5BB104,Cap Ceramic 0.1uF 6.3VDC X5R 10% SMD 0201 Paper T/R,RT_SUPER_C1.SchDoc,No,,,,,100nF,,,0201,0603,0201,Ceramic Capacitors,,,,=Value,https://datasheet.ciiva.com/176/mlccorderingcode-176765.pdf?src-supplier=Digi-Key,https://datasheet.ciiva.com/176/mlccorderingcode-176765.pdf?src-supplier=Digi-Key,https://datasheet.ciiva.com/176/mlccorderingcode-176766.pdf?src-supplier=Digi-Key,https://datasheet.ciiva.com/176/mlccorderingcode-176766.pdf?src-supplier=Digi-Key,https://datasheet.ciiva.com/176/mlccorderingcode-176767.pdf?src-supplier=Digi-Key,https://datasheet.ciiva.com/176/mlccorderingcode-176767.pdf?src-supplier=Digi-Key,https://datasheet.ciiva.com/28450/1359354-28450200.pdf?src-supplier=Element14,https://datasheet.ciiva.com/28450/1359354-28450200.pdf?src-supplier=Element14,https://datasheet.ciiva.com/7656/1525783-7656597.pdf?src-supplier=Element14,https://datasheet.ciiva.com/7656/1525783-7656597.pdf?src-supplier=Element14,,,,,,,,,0.3mm,X5R,,,,,,,Halogen Free,0.3mm,,,,,,,Lead Free,0.6mm,,,,,,,,Yageo,CC0201KRX5R5BB104,85°C,,,,,-55°C,,Surface Mount,,,,,,,,,,,,2,,,,,,1,Tape and Reel,,,,,,,"1=0.10000, 10=0.02400, 50=0.01340, 100=0.01090, 500=0.00776, 1000=0.00610, 2500=0.00555, 5000=0.00510 (USD)",,,,,No SVHC,,,,,Ceramic,,Yes,Yes,,CC,,,,,,,,2999877,,,Digi-Key,,,,311-1408-1-ND,,,,,SMD/SMT,0.013inch,,10%,,,,0.1uF 6v,,,,,,,,,6.3V,6.3V,,,0.3mm,,,,,,,,,,,,
C16,0.1uF 6v,C0201_PERFECT,CC0201KRX5R5BB104,Cap Ceramic 0.1uF 6.3VDC X5R 10% SMD 0201 Paper T/R,RT_SUPER_C1.SchDoc,No,,,,,100nF,,,0201,0603,0201,Ceramic Capacitors,,,,=Value,https://datasheet.ciiva.com/176/mlccorderingcode-176765.pdf?src-supplier=Digi-Key,https://datasheet.ciiva.com/176/mlccorderingcode-176765.pdf?src-supplier=Digi-Key,https://datasheet.ciiva.com/176/mlccorderingcode-176766.pdf?src-supplier=Digi-Key,https://datasheet.ciiva.com/176/mlccorderingcode-176766.pdf?src-supplier=Digi-Key,https://datasheet.ciiva.com/176/mlccorderingcode-176767.pdf?src-supplier=Digi-Key,https://datasheet.ciiva.com/176/mlccorderingcode-176767.pdf?src-supplier=Digi-Key,https://datasheet.ciiva.com/28450/1359354-28450200.pdf?src-supplier=Element14,https://datasheet.ciiva.com/28450/1359354-28450200.pdf?src-supplier=Element14,https://datasheet.ciiva.com/7656/1525783-7656597.pdf?src-supplier=Element14,https://datasheet.ciiva.com/7656/1525783-7656597.pdf?src-supplier=Element14,,,,,,,,,0.3mm,X5R,,,,,,,Halogen Free,0.3mm,,,,,,,Lead Free,0.6mm,,,,,,,,Yageo,CC0201KRX5R5BB104,85°C,,,,,-55°C,,Surface Mount,,,,,,,,,,,,2,,,,,,1,Tape and Reel,,,,,,,"1=0.10000, 10=0.02400, 50=0.01340, 100=0.01090, 500=0.00776, 1000=0.00610, 2500=0.00555, 5000=0.00510 (USD)",,,,,No SVHC,,,,,Ceramic,,Yes,Yes,,CC,,,,,,,,2999877,,,Digi-Key,,,,311-1408-1-ND,,,,,SMD/SMT,0.013inch,,10%,,,,0.1uF 6v,,,,,,,,,6.3V,6.3V,,,0.3mm,,,,,,,,,,,,
C17,0.1uF 6v,C0201_PERFECT,CC0201KRX5R5BB104,Cap Ceramic 0.1uF 6.3VDC X5R 10% SMD 0201 Paper T/R,RT_SUPER_C1.SchDoc,No,,,,,100nF,,,0201,0603,0201,Ceramic Capacitors,,,,=Value,https://datasheet.ciiva.com/176/mlccorderingcode-176765.pdf?src-supplier=Digi-Key,https://datasheet.ciiva.com/176/mlccorderingcode-176765.pdf?src-supplier=Digi-Key,https://datasheet.ciiva.com/176/mlccorderingcode-176766.pdf?src-supplier=Digi-Key,https://datasheet.ciiva.com/176/mlccorderingcode-176766.pdf?src-supplier=Digi-Key,https://datasheet.ciiva.com/176/mlccorderingcode-176767.pdf?src-supplier=Digi-Key,https://datasheet.ciiva.com/176/mlccorderingcode-176767.pdf?src-supplier=Digi-Key,https://datasheet.ciiva.com/28450/1359354-28450200.pdf?src-supplier=Element14,https://datasheet.ciiva.com/28450/1359354-28450200.pdf?src-supplier=Element14,https://datasheet.ciiva.com/7656/1525783-7656597.pdf?src-supplier=Element14,https://datasheet.ciiva.com/7656/1525783-7656597.pdf?src-supplier=Element14,,,,,,,,,0.3mm,X5R,,,,,,,Halogen Free,0.3mm,,,,,,,Lead Free,0.6mm,,,,,,,,Yageo,CC0201KRX5R5BB104,85°C,,,,,-55°C,,Surface Mount,,,,,,,,,,,,2,,,,,,1,Tape and Reel,,,,,,,"1=0.10000, 10=0.02400, 50=0.01340, 100=0.01090, 500=0.00776, 1000=0.00610, 2500=0.00555, 5000=0.00510 (USD)",,,,,No SVHC,,,,,Ceramic,,Yes,Yes,,CC,,,,,,,,2999877,,,Digi-Key,,,,311-1408-1-ND,,,,,SMD/SMT,0.013inch,,10%,,,,0.1uF 6v,,,,,,,,,6.3V,6.3V,,,0.3mm,,,,,,,,,,,,
C18,2.2µF,C0603_0.90MM_MD,C_2P_NP,CAP CER 2.2UF 6.3V X7R 0603,RT_SUPER_C1.SchDoc,No,,,,,,,,,,,,,,,=Value,,,,,,,,,,,,,,,,,,,,,,,,,,,,,,,,,,,,,,,,,,,,,,,,,,,,,,,,,,,,,,,,,,,-55°C ~ 125°C,603,,,,,,,,,,,,,,,,,,,AEC-Q200,,,,,,,,,,,,,,,,,"2.2µF , 6.3V , ±10% , X7R , -55°C ~ 125°C , AEC-Q200 , 0603",,,,,,,,,X7R,,,0.90MM,±10%,,,,2.2µF,,,,,,,6.3V,,,,,,,GCM188R70J225KE22D,,capacitors/Murata_C0603,019a404f-4691-7d07-43f1-8d708eb8f7ec,C126582,C0603_0.90MM_MD,footprints\C0603_0.90MM_MD.kicad_mod,C_2P_NP,symbols\C_2P_NP.kicad_sym,Murata Electronics,GCM188R70J225KE22D,
C19,8pF,C0402_0.55MM_HD,C_2P_NP,CAP CER 8PF 50V C0G/NP0 0402,RT_SUPER_C1.SchDoc,No,,,,,,,,,,,,,,,=Value,Datasheet (Internal),https://www.murata.com/~/media/webrenewal/support/library/catalog/products/capacitor/mlcc/c03e.ashx?la=en-us,Datasheet (External),https://www.murata.com/~/media/webrenewal/support/library/catalog/products/capacitor/mlcc/c03e.ashx?la=en-us,,,,,,,,,,,,,,,,,,,,,,,,,,,,,,,,,,,,,,,,,,,,,,,,,,,,,,,,,,,,,,,-55°C ~ 125°C,402,,,,,,,,,,,,,,,,,,,AEC-Q200,,,,,,,,,,,,,,,,,"8pF , 50V , ±0.5pF , C0G, NP0 , -55°C ~ 125°C , AEC-Q200 , 0402",Digikey,,,,490-13294-1-ND,,,,"C0G, NP0",,,0.55MM,±0.5pF,,,,8pF,,,,,,,50V,,,,,,,GCM1555C1H8R0DA16D,,capacitors/Murata_C0402,019a404f-4218-7c53-d35c-d6453855ed4c,,C0402_0.55MM_MD,footprints\C0402_0.55MM_MD.kicad_mod,C_2P_NP,symbols\C_2P_NP.kicad_sym,Murata Electronics,GCM1555C1H8R0DA16D,
C2,4.7µF,C0603_1.00MM_MD,C_2P_NP,CAP CER 4.7UF 6.3V X7S 0603,RT_SUPER_C1.SchDoc,No,,,,,,,,,,,Capacitors,,,,=Value,Datasheet (Internal),https://search.murata.co.jp/Ceramy/image/img/A01X/G101/ENG/GCJ188C70J475KE02-01.pdf,Datasheet (External),https://search.murata.co.jp/Ceramy/image/img/A01X/G101/ENG/GCJ188C70J475KE02-01.pdf,,,,,,,,,,,,,,,,,,,,,,,,,,,,,,,,,,,,,,,,Murata Electronics,GCJ188C70J475KE02D,,,,,,,,,,,,,,,,,,,,,,-55°C ~ 125°C,0603,,,,,,,,,,,,,,,,,,,AEC-Q200,,,,,,,,,,,,,,,,,"4.7µF , 6.3V , ±10% , X7S , -55°C ~ 125°C , AEC-Q200 , 0603",Digikey,,,,490-16480-1-ND,,,,X7S,,,1.00MM,±10%,,,,4.7µF,,,,,,,6.3V,,,,,,,,,,,,,,,,,,
C20,0.1uF 6v,C0201_PERFECT,CC0201KRX5R5BB104,Cap Ceramic 0.1uF 6.3VDC X5R 10% SMD 0201 Paper T/R,RT_SUPER_C1.SchDoc,No,,,,,100nF,,,0201,0603,0201,Ceramic Capacitors,,,,=Value,https://datasheet.ciiva.com/176/mlccorderingcode-176765.pdf?src-supplier=Digi-Key,https://datasheet.ciiva.com/176/mlccorderingcode-176765.pdf?src-supplier=Digi-Key,https://datasheet.ciiva.com/176/mlccorderingcode-176766.pdf?src-supplier=Digi-Key,https://datasheet.ciiva.com/176/mlccorderingcode-176766.pdf?src-supplier=Digi-Key,https://datasheet.ciiva.com/176/mlccorderingcode-176767.pdf?src-supplier=Digi-Key,https://datasheet.ciiva.com/176/mlccorderingcode-176767.pdf?src-supplier=Digi-Key,https://datasheet.ciiva.com/28450/1359354-28450200.pdf?src-supplier=Element14,https://datasheet.ciiva.com/28450/1359354-28450200.pdf?src-supplier=Element14,https://datasheet.ciiva.com/7656/1525783-7656597.pdf?src-supplier=Element14,https://datasheet.ciiva.com/7656/1525783-7656597.pdf?src-supplier=Element14,,,,,,,,,0.3mm,X5R,,,,,,,Halogen Free,0.3mm,,,,,,,Lead Free,0.6mm,,,,,,,,Yageo,CC0201KRX5R5BB104,85°C,,,,,-55°C,,Surface Mount,,,,,,,,,,,,2,,,,,,1,Tape and Reel,,,,,,,"1=0.10000, 10=0.02400, 50=0.01340, 100=0.01090, 500=0.00776, 1000=0.00610, 2500=0.00555, 5000=0.00510 (USD)",,,,,No SVHC,,,,,Ceramic,,Yes,Yes,,CC,,,,,,,,2999877,,,Digi-Key,,,,311-1408-1-ND,,,,,SMD/SMT,0.013inch,,10%,,,,0.1uF 6v,,,,,,,,,6.3V,6.3V,,,0.3mm,,,,,,,,,,,,
C21,0.1uF 6v,C0201_PERFECT,CC0201KRX5R5BB104,Cap Ceramic 0.1uF 6.3VDC X5R 10% SMD 0201 Paper T/R,RT_SUPER_C1.SchDoc,No,,,,,100nF,,,0201,0603,0201,Ceramic Capacitors,,,,=Value,https://datasheet.ciiva.com/176/mlccorderingcode-176765.pdf?src-supplier=Digi-Key,https://datasheet.ciiva.com/176/mlccorderingcode-176765.pdf?src-supplier=Digi-Key,https://datasheet.ciiva.com/176/mlccorderingcode-176766.pdf?src-supplier=Digi-Key,https://datasheet.ciiva.com/176/mlccorderingcode-176766.pdf?src-supplier=Digi-Key,https://datasheet.ciiva.com/176/mlccorderingcode-176767.pdf?src-supplier=Digi-Key,https://datasheet.ciiva.com/176/mlccorderingcode-176767.pdf?src-supplier=Digi-Key,https://datasheet.ciiva.com/28450/1359354-28450200.pdf?src-supplier=Element14,https://datasheet.ciiva.com/28450/1359354-28450200.pdf?src-supplier=Element14,https://datasheet.ciiva.com/7656/1525783-7656597.pdf?src-supplier=Element14,https://datasheet.ciiva.com/7656/1525783-7656597.pdf?src-supplier=Element14,,,,,,,,,0.3mm,X5R,,,,,,,Halogen Free,0.3mm,,,,,,,Lead Free,0.6mm,,,,,,,,Yageo,CC0201KRX5R5BB104,85°C,,,,,-55°C,,Surface Mount,,,,,,,,,,,,2,,,,,,1,Tape and Reel,,,,,,,"1=0.10000, 10=0.02400, 50=0.01340, 100=0.01090, 500=0.00776, 1000=0.00610, 2500=0.00555, 5000=0.00510 (USD)",,,,,No SVHC,,,,,Ceramic,,Yes,Yes,,CC,,,,,,,,2999877,,,Digi-Key,,,,311-1408-1-ND,,,,,SMD/SMT,0.013inch,,10%,,,,0.1uF 6v,,,,,,,,,6.3V,6.3V,,,0.3mm,,,,,,,,,,,,
C22,0.1uF 6v,C0201_PERFECT,CC0201KRX5R5BB104,Cap Ceramic 0.1uF 6.3VDC X5R 10% SMD 0201 Paper T/R,RT_SUPER_C1.SchDoc,No,,,,,100nF,,,0201,0603,0201,Ceramic Capacitors,,,,=Value,https://datasheet.ciiva.com/176/mlccorderingcode-176765.pdf?src-supplier=Digi-Key,https://datasheet.ciiva.com/176/mlccorderingcode-176765.pdf?src-supplier=Digi-Key,https://datasheet.ciiva.com/176/mlccorderingcode-176766.pdf?src-supplier=Digi-Key,https://datasheet.ciiva.com/176/mlccorderingcode-176766.pdf?src-supplier=Digi-Key,https://datasheet.ciiva.com/176/mlccorderingcode-176767.pdf?src-supplier=Digi-Key,https://datasheet.ciiva.com/176/mlccorderingcode-176767.pdf?src-supplier=Digi-Key,https://datasheet.ciiva.com/28450/1359354-28450200.pdf?src-supplier=Element14,https://datasheet.ciiva.com/28450/1359354-28450200.pdf?src-supplier=Element14,https://datasheet.ciiva.com/7656/1525783-7656597.pdf?src-supplier=Element14,https://datasheet.ciiva.com/7656/1525783-7656597.pdf?src-supplier=Element14,,,,,,,,,0.3mm,X5R,,,,,,,Halogen Free,0.3mm,,,,,,,Lead Free,0.6mm,,,,,,,,Yageo,CC0201KRX5R5BB104,85°C,,,,,-55°C,,Surface Mount,,,,,,,,,,,,2,,,,,,1,Tape and Reel,,,,,,,"1=0.10000, 10=0.02400, 50=0.01340, 100=0.01090, 500=0.00776, 1000=0.00610, 2500=0.00555, 5000=0.00510 (USD)",,,,,No SVHC,,,,,Ceramic,,Yes,Yes,,CC,,,,,,,,2999877,,,Digi-Key,,,,311-1408-1-ND,,,,,SMD/SMT,0.013inch,,10%,,,,0.1uF 6v,,,,,,,,,6.3V,6.3V,,,0.3mm,,,,,,,,,,,,
C23,0.1uF 6v,C0201_PERFECT,CC0201KRX5R5BB104,Cap Ceramic 0.1uF 6.3VDC X5R 10% SMD 0201 Paper T/R,RT_SUPER_C1.SchDoc,No,,,,,100nF,,,0201,0603,0201,Ceramic Capacitors,,,,=Value,https://datasheet.ciiva.com/176/mlccorderingcode-176765.pdf?src-supplier=Digi-Key,https://datasheet.ciiva.com/176/mlccorderingcode-176765.pdf?src-supplier=Digi-Key,https://datasheet.ciiva.com/176/mlccorderingcode-176766.pdf?src-supplier=Digi-Key,https://datasheet.ciiva.com/176/mlccorderingcode-176766.pdf?src-supplier=Digi-Key,https://datasheet.ciiva.com/176/mlccorderingcode-176767.pdf?src-supplier=Digi-Key,https://datasheet.ciiva.com/176/mlccorderingcode-176767.pdf?src-supplier=Digi-Key,https://datasheet.ciiva.com/28450/1359354-28450200.pdf?src-supplier=Element14,https://datasheet.ciiva.com/28450/1359354-28450200.pdf?src-supplier=Element14,https://datasheet.ciiva.com/7656/1525783-7656597.pdf?src-supplier=Element14,https://datasheet.ciiva.com/7656/1525783-7656597.pdf?src-supplier=Element14,,,,,,,,,0.3mm,X5R,,,,,,,Halogen Free,0.3mm,,,,,,,Lead Free,0.6mm,,,,,,,,Yageo,CC0201KRX5R5BB104,85°C,,,,,-55°C,,Surface Mount,,,,,,,,,,,,2,,,,,,1,Tape and Reel,,,,,,,"1=0.10000, 10=0.02400, 50=0.01340, 100=0.01090, 500=0.00776, 1000=0.00610, 2500=0.00555, 5000=0.00510 (USD)",,,,,No SVHC,,,,,Ceramic,,Yes,Yes,,CC,,,,,,,,2999877,,,Digi-Key,,,,311-1408-1-ND,,,,,SMD/SMT,0.013inch,,10%,,,,0.1uF 6v,,,,,,,,,6.3V,6.3V,,,0.3mm,,,,,,,,,,,,
C24,0.1uF 6v,C0201_PERFECT,CC0201KRX5R5BB104,Cap Ceramic 0.1uF 6.3VDC X5R 10% SMD 0201 Paper T/R,RT_SUPER_C1.SchDoc,No,,,,,100nF,,,0201,0603,0201,Ceramic Capacitors,,,,=Value,https://datasheet.ciiva.com/176/mlccorderingcode-176765.pdf?src-supplier=Digi-Key,https://datasheet.ciiva.com/176/mlccorderingcode-176765.pdf?src-supplier=Digi-Key,https://datasheet.ciiva.com/176/mlccorderingcode-176766.pdf?src-supplier=Digi-Key,https://datasheet.ciiva.com/176/mlccorderingcode-176766.pdf?src-supplier=Digi-Key,https://datasheet.ciiva.com/176/mlccorderingcode-176767.pdf?src-supplier=Digi-Key,https://datasheet.ciiva.com/176/mlccorderingcode-176767.pdf?src-supplier=Digi-Key,https://datasheet.ciiva.com/28450/1359354-28450200.pdf?src-supplier=Element14,https://datasheet.ciiva.com/28450/1359354-28450200.pdf?src-supplier=Element14,https://datasheet.ciiva.com/7656/1525783-7656597.pdf?src-supplier=Element14,https://datasheet.ciiva.com/7656/1525783-7656597.pdf?src-supplier=Element14,,,,,,,,,0.3mm,X5R,,,,,,,Halogen Free,0.3mm,,,,,,,Lead Free,0.6mm,,,,,,,,Yageo,CC0201KRX5R5BB104,85°C,,,,,-55°C,,Surface Mount,,,,,,,,,,,,2,,,,,,1,Tape and Reel,,,,,,,"1=0.10000, 10=0.02400, 50=0.01340, 100=0.01090, 500=0.00776, 1000=0.00610, 2500=0.00555, 5000=0.00510 (USD)",,,,,No SVHC,,,,,Ceramic,,Yes,Yes,,CC,,,,,,,,2999877,,,Digi-Key,,,,311-1408-1-ND,,,,,SMD/SMT,0.013inch,,10%,,,,0.1uF 6v,,,,,,,,,6.3V,6.3V,,,0.3mm,,,,,,,,,,,,
C25,0.1uF 6v,C0201_PERFECT,CC0201KRX5R5BB104,Cap Ceramic 0.1uF 6.3VDC X5R 10% SMD 0201 Paper T/R,RT_SUPER_C1.SchDoc,No,,,,,100nF,,,0201,0603,0201,Ceramic Capacitors,,,,=Value,https://datasheet.ciiva.com/176/mlccorderingcode-176765.pdf?src-supplier=Digi-Key,https://datasheet.ciiva.com/176/mlccorderingcode-176765.pdf?src-supplier=Digi-Key,https://datasheet.ciiva.com/176/mlccorderingcode-176766.pdf?src-supplier=Digi-Key,https://datasheet.ciiva.com/176/mlccorderingcode-176766.pdf?src-supplier=Digi-Key,https://datasheet.ciiva.com/176/mlccorderingcode-176767.pdf?src-supplier=Digi-Key,https://datasheet.ciiva.com/176/mlccorderingcode-176767.pdf?src-supplier=Digi-Key,https://datasheet.ciiva.com/28450/1359354-28450200.pdf?src-supplier=Element14,https://datasheet.ciiva.com/28450/1359354-28450200.pdf?src-supplier=Element14,https://datasheet.ciiva.com/7656/1525783-7656597.pdf?src-supplier=Element14,https://datasheet.ciiva.com/7656/1525783-7656597.pdf?src-supplier=Element14,,,,,,,,,0.3mm,X5R,,,,,,,Halogen Free,0.3mm,,,,,,,Lead Free,0.6mm,,,,,,,,Yageo,CC0201KRX5R5BB104,85°C,,,,,-55°C,,Surface Mount,,,,,,,,,,,,2,,,,,,1,Tape and Reel,,,,,,,"1=0.10000, 10=0.02400, 50=0.01340, 100=0.01090, 500=0.00776, 1000=0.00610, 2500=0.00555, 5000=0.00510 (USD)",,,,,No SVHC,,,,,Ceramic,,Yes,Yes,,CC,,,,,,,,2999877,,,Digi-Key,,,,311-1408-1-ND,,,,,SMD/SMT,0.013inch,,10%,,,,0.1uF 6v,,,,,,,,,6.3V,6.3V,,,0.3mm,,,,,,,,,,,,
C26,0.1uF 6v,C0201_PERFECT,CC0201KRX5R5BB104,Cap Ceramic 0.1uF 6.3VDC X5R 10% SMD 0201 Paper T/R,RT_SUPER_C1.SchDoc,No,,,,,100nF,,,0201,0603,0201,Ceramic Capacitors,,,,=Value,https://datasheet.ciiva.com/176/mlccorderingcode-176765.pdf?src-supplier=Digi-Key,https://datasheet.ciiva.com/176/mlccorderingcode-176765.pdf?src-supplier=Digi-Key,https://datasheet.ciiva.com/176/mlccorderingcode-176766.pdf?src-supplier=Digi-Key,https://datasheet.ciiva.com/176/mlccorderingcode-176766.pdf?src-supplier=Digi-Key,https://datasheet.ciiva.com/176/mlccorderingcode-176767.pdf?src-supplier=Digi-Key,https://datasheet.ciiva.com/176/mlccorderingcode-176767.pdf?src-supplier=Digi-Key,https://datasheet.ciiva.com/28450/1359354-28450200.pdf?src-supplier=Element14,https://datasheet.ciiva.com/28450/1359354-28450200.pdf?src-supplier=Element14,https://datasheet.ciiva.com/7656/1525783-7656597.pdf?src-supplier=Element14,https://datasheet.ciiva.com/7656/1525783-7656597.pdf?src-supplier=Element14,,,,,,,,,0.3mm,X5R,,,,,,,Halogen Free,0.3mm,,,,,,,Lead Free,0.6mm,,,,,,,,Yageo,CC0201KRX5R5BB104,85°C,,,,,-55°C,,Surface Mount,,,,,,,,,,,,2,,,,,,1,Tape and Reel,,,,,,,"1=0.10000, 10=0.02400, 50=0.01340, 100=0.01090, 500=0.00776, 1000=0.00610, 2500=0.00555, 5000=0.00510 (USD)",,,,,No SVHC,,,,,Ceramic,,Yes,Yes,,CC,,,,,,,,2999877,,,Digi-Key,,,,311-1408-1-ND,,,,,SMD/SMT,0.013inch,,10%,,,,0.1uF 6v,,,,,,,,,6.3V,6.3V,,,0.3mm,,,,,,,,,,,,
C27,0.1uF 6v,C0201_PERFECT,CC0201KRX5R5BB104,Cap Ceramic 0.1uF 6.3VDC X5R 10% SMD 0201 Paper T/R,RT_SUPER_C1.SchDoc,No,,,,,100nF,,,0201,0603,0201,Ceramic Capacitors,,,,=Value,https://datasheet.ciiva.com/176/mlccorderingcode-176765.pdf?src-supplier=Digi-Key,https://datasheet.ciiva.com/176/mlccorderingcode-176765.pdf?src-supplier=Digi-Key,https://datasheet.ciiva.com/176/mlccorderingcode-176766.pdf?src-supplier=Digi-Key,https://datasheet.ciiva.com/176/mlccorderingcode-176766.pdf?src-supplier=Digi-Key,https://datasheet.ciiva.com/176/mlccorderingcode-176767.pdf?src-supplier=Digi-Key,https://datasheet.ciiva.com/176/mlccorderingcode-176767.pdf?src-supplier=Digi-Key,https://datasheet.ciiva.com/28450/1359354-28450200.pdf?src-supplier=Element14,https://datasheet.ciiva.com/28450/1359354-28450200.pdf?src-supplier=Element14,https://datasheet.ciiva.com/7656/1525783-7656597.pdf?src-supplier=Element14,https://datasheet.ciiva.com/7656/1525783-7656597.pdf?src-supplier=Element14,,,,,,,,,0.3mm,X5R,,,,,,,Halogen Free,0.3mm,,,,,,,Lead Free,0.6mm,,,,,,,,Yageo,CC0201KRX5R5BB104,85°C,,,,,-55°C,,Surface Mount,,,,,,,,,,,,2,,,,,,1,Tape and Reel,,,,,,,"1=0.10000, 10=0.02400, 50=0.01340, 100=0.01090, 500=0.00776, 1000=0.00610, 2500=0.00555, 5000=0.00510 (USD)",,,,,No SVHC,,,,,Ceramic,,Yes,Yes,,CC,,,,,,,,2999877,,,Digi-Key,,,,311-1408-1-ND,,,,,SMD/SMT,0.013inch,,10%,,,,0.1uF 6v,,,,,,,,,6.3V,6.3V,,,0.3mm,,,,,,,,,,,,
C28,0.1uF 6v,C0201_PERFECT,CC0201KRX5R5BB104,Cap Ceramic 0.1uF 6.3VDC X5R 10% SMD 0201 Paper T/R,RT_SUPER_C1.SchDoc,No,,,,,100nF,,,0201,0603,0201,Ceramic Capacitors,,,,=Value,https://datasheet.ciiva.com/176/mlccorderingcode-176765.pdf?src-supplier=Digi-Key,https://datasheet.ciiva.com/176/mlccorderingcode-176765.pdf?src-supplier=Digi-Key,https://datasheet.ciiva.com/176/mlccorderingcode-176766.pdf?src-supplier=Digi-Key,https://datasheet.ciiva.com/176/mlccorderingcode-176766.pdf?src-supplier=Digi-Key,https://datasheet.ciiva.com/176/mlccorderingcode-176767.pdf?src-supplier=Digi-Key,https://datasheet.ciiva.com/176/mlccorderingcode-176767.pdf?src-supplier=Digi-Key,https://datasheet.ciiva.com/28450/1359354-28450200.pdf?src-supplier=Element14,https://datasheet.ciiva.com/28450/1359354-28450200.pdf?src-supplier=Element14,https://datasheet.ciiva.com/7656/1525783-7656597.pdf?src-supplier=Element14,https://datasheet.ciiva.com/7656/1525783-7656597.pdf?src-supplier=Element14,,,,,,,,,0.3mm,X5R,,,,,,,Halogen Free,0.3mm,,,,,,,Lead Free,0.6mm,,,,,,,,Yageo,CC0201KRX5R5BB104,85°C,,,,,-55°C,,Surface Mount,,,,,,,,,,,,2,,,,,,1,Tape and Reel,,,,,,,"1=0.10000, 10=0.02400, 50=0.01340, 100=0.01090, 500=0.00776, 1000=0.00610, 2500=0.00555, 5000=0.00510 (USD)",,,,,No SVHC,,,,,Ceramic,,Yes,Yes,,CC,,,,,,,,2999877,,,Digi-Key,,,,311-1408-1-ND,,,,,SMD/SMT,0.013inch,,10%,,,,0.1uF 6v,,,,,,,,,6.3V,6.3V,,,0.3mm,,,,,,,,,,,,
C29,0.1uF 6v,C0201_PERFECT,CC0201KRX5R5BB104,Cap Ceramic 0.1uF 6.3VDC X5R 10% SMD 0201 Paper T/R,RT_SUPER_C1.SchDoc,No,,,,,100nF,,,0201,0603,0201,Ceramic Capacitors,,,,=Value,https://datasheet.ciiva.com/176/mlccorderingcode-176765.pdf?src-supplier=Digi-Key,https://datasheet.ciiva.com/176/mlccorderingcode-176765.pdf?src-supplier=Digi-Key,https://datasheet.ciiva.com/176/mlccorderingcode-176766.pdf?src-supplier=Digi-Key,https://datasheet.ciiva.com/176/mlccorderingcode-176766.pdf?src-supplier=Digi-Key,https://datasheet.ciiva.com/176/mlccorderingcode-176767.pdf?src-supplier=Digi-Key,https://datasheet.ciiva.com/176/mlccorderingcode-176767.pdf?src-supplier=Digi-Key,https://datasheet.ciiva.com/28450/1359354-28450200.pdf?src-supplier=Element14,https://datasheet.ciiva.com/28450/1359354-28450200.pdf?src-supplier=Element14,https://datasheet.ciiva.com/7656/1525783-7656597.pdf?src-supplier=Element14,https://datasheet.ciiva.com/7656/1525783-7656597.pdf?src-supplier=Element14,,,,,,,,,0.3mm,X5R,,,,,,,Halogen Free,0.3mm,,,,,,,Lead Free,0.6mm,,,,,,,,Yageo,CC0201KRX5R5BB104,85°C,,,,,-55°C,,Surface Mount,,,,,,,,,,,,2,,,,,,1,Tape and Reel,,,,,,,"1=0.10000, 10=0.02400, 50=0.01340, 100=0.01090, 500=0.00776, 1000=0.00610, 2500=0.00555, 5000=0.00510 (USD)",,,,,No SVHC,,,,,Ceramic,,Yes,Yes,,CC,,,,,,,,2999877,,,Digi-Key,,,,311-1408-1-ND,,,,,SMD/SMT,0.013inch,,10%,,,,0.1uF 6v,,,,,,,,,6.3V,6.3V,,,0.3mm,,,,,,,,,,,,
C3,0.47µF,C0402_0.55MM_HD,C_2P_NP,CAP CER 0.47UF 25V X5R 0402,RT_SUPER_C1.SchDoc,No,,,,,,,,,,,Capacitors,,,,=Value,Datasheet (Internal),https://search.murata.co.jp/Ceramy/image/img/A01X/partnumbering_e_02.pdf,Datasheet (External),https://search.murata.co.jp/Ceramy/image/img/A01X/partnumbering_e_02.pdf,,,,,,,,,,,,,,,,,,,,,,,,,,,,,,,,,,,,,,,,Murata Electronics,GRT155R61E474KE01D,,,,,,,,,,,,,,,,,,,,,,-55°C ~ 85°C,0402,,,,,,,,,,,,,,,,,,,AEC-Q200,,,,,,,,,,,,,,,,,"0.47µF , 25V , ±10% , X5R , -55°C ~ 85°C , AEC-Q200 , 0402",Digikey,,,,490-12269-1-ND,,,,X5R,,,0.55MM,±10%,,,,0.47µF,,,,,,,25V,,,,,,,,,,,,,,,,,,
C30,0.1uF 6v,C0201_PERFECT,CC0201KRX5R5BB104,Cap Ceramic 0.1uF 6.3VDC X5R 10% SMD 0201 Paper T/R,RT_SUPER_C1.SchDoc,No,,,,,100nF,,,0201,0603,0201,Ceramic Capacitors,,,,=Value,https://datasheet.ciiva.com/176/mlccorderingcode-176765.pdf?src-supplier=Digi-Key,https://datasheet.ciiva.com/176/mlccorderingcode-176765.pdf?src-supplier=Digi-Key,https://datasheet.ciiva.com/176/mlccorderingcode-176766.pdf?src-supplier=Digi-Key,https://datasheet.ciiva.com/176/mlccorderingcode-176766.pdf?src-supplier=Digi-Key,https://datasheet.ciiva.com/176/mlccorderingcode-176767.pdf?src-supplier=Digi-Key,https://datasheet.ciiva.com/176/mlccorderingcode-176767.pdf?src-supplier=Digi-Key,https://datasheet.ciiva.com/28450/1359354-28450200.pdf?src-supplier=Element14,https://datasheet.ciiva.com/28450/1359354-28450200.pdf?src-supplier=Element14,https://datasheet.ciiva.com/7656/1525783-7656597.pdf?src-supplier=Element14,https://datasheet.ciiva.com/7656/1525783-7656597.pdf?src-supplier=Element14,,,,,,,,,0.3mm,X5R,,,,,,,Halogen Free,0.3mm,,,,,,,Lead Free,0.6mm,,,,,,,,Yageo,CC0201KRX5R5BB104,85°C,,,,,-55°C,,Surface Mount,,,,,,,,,,,,2,,,,,,1,Tape and Reel,,,,,,,"1=0.10000, 10=0.02400, 50=0.01340, 100=0.01090, 500=0.00776, 1000=0.00610, 2500=0.00555, 5000=0.00510 (USD)",,,,,No SVHC,,,,,Ceramic,,Yes,Yes,,CC,,,,,,,,2999877,,,Digi-Key,,,,311-1408-1-ND,,,,,SMD/SMT,0.013inch,,10%,,,,0.1uF 6v,,,,,,,,,6.3V,6.3V,,,0.3mm,,,,,,,,,,,,
C31,0.1uF 6v,C0201_PERFECT,CC0201KRX5R5BB104,Cap Ceramic 0.1uF 6.3VDC X5R 10% SMD 0201 Paper T/R,RT_SUPER_C1.SchDoc,No,,,,,100nF,,,0201,0603,0201,Ceramic Capacitors,,,,=Value,https://datasheet.ciiva.com/176/mlccorderingcode-176765.pdf?src-supplier=Digi-Key,https://datasheet.ciiva.com/176/mlccorderingcode-176765.pdf?src-supplier=Digi-Key,https://datasheet.ciiva.com/176/mlccorderingcode-176766.pdf?src-supplier=Digi-Key,https://datasheet.ciiva.com/176/mlccorderingcode-176766.pdf?src-supplier=Digi-Key,https://datasheet.ciiva.com/176/mlccorderingcode-176767.pdf?src-supplier=Digi-Key,https://datasheet.ciiva.com/176/mlccorderingcode-176767.pdf?src-supplier=Digi-Key,https://datasheet.ciiva.com/28450/1359354-28450200.pdf?src-supplier=Element14,https://datasheet.ciiva.com/28450/1359354-28450200.pdf?src-supplier=Element14,https://datasheet.ciiva.com/7656/1525783-7656597.pdf?src-supplier=Element14,https://datasheet.ciiva.com/7656/1525783-7656597.pdf?src-supplier=Element14,,,,,,,,,0.3mm,X5R,,,,,,,Halogen Free,0.3mm,,,,,,,Lead Free,0.6mm,,,,,,,,Yageo,CC0201KRX5R5BB104,85°C,,,,,-55°C,,Surface Mount,,,,,,,,,,,,2,,,,,,1,Tape and Reel,,,,,,,"1=0.10000, 10=0.02400, 50=0.01340, 100=0.01090, 500=0.00776, 1000=0.00610, 2500=0.00555, 5000=0.00510 (USD)",,,,,No SVHC,,,,,Ceramic,,Yes,Yes,,CC,,,,,,,,2999877,,,Digi-Key,,,,311-1408-1-ND,,,,,SMD/SMT,0.013inch,,10%,,,,0.1uF 6v,,,,,,,,,6.3V,6.3V,,,0.3mm,,,,,,,,,,,,
C32,0.1uF 6v,C0201_PERFECT,CC0201KRX5R5BB104,Cap Ceramic 0.1uF 6.3VDC X5R 10% SMD 0201 Paper T/R,RT_SUPER_C1.SchDoc,No,,,,,100nF,,,0201,0603,0201,Ceramic Capacitors,,,,=Value,https://datasheet.ciiva.com/176/mlccorderingcode-176765.pdf?src-supplier=Digi-Key,https://datasheet.ciiva.com/176/mlccorderingcode-176765.pdf?src-supplier=Digi-Key,https://datasheet.ciiva.com/176/mlccorderingcode-176766.pdf?src-supplier=Digi-Key,https://datasheet.ciiva.com/176/mlccorderingcode-176766.pdf?src-supplier=Digi-Key,https://datasheet.ciiva.com/176/mlccorderingcode-176767.pdf?src-supplier=Digi-Key,https://datasheet.ciiva.com/176/mlccorderingcode-176767.pdf?src-supplier=Digi-Key,https://datasheet.ciiva.com/28450/1359354-28450200.pdf?src-supplier=Element14,https://datasheet.ciiva.com/28450/1359354-28450200.pdf?src-supplier=Element14,https://datasheet.ciiva.com/7656/1525783-7656597.pdf?src-supplier=Element14,https://datasheet.ciiva.com/7656/1525783-7656597.pdf?src-supplier=Element14,,,,,,,,,0.3mm,X5R,,,,,,,Halogen Free,0.3mm,,,,,,,Lead Free,0.6mm,,,,,,,,Yageo,CC0201KRX5R5BB104,85°C,,,,,-55°C,,Surface Mount,,,,,,,,,,,,2,,,,,,1,Tape and Reel,,,,,,,"1=0.10000, 10=0.02400, 50=0.01340, 100=0.01090, 500=0.00776, 1000=0.00610, 2500=0.00555, 5000=0.00510 (USD)",,,,,No SVHC,,,,,Ceramic,,Yes,Yes,,CC,,,,,,,,2999877,,,Digi-Key,,,,311-1408-1-ND,,,,,SMD/SMT,0.013inch,,10%,,,,0.1uF 6v,,,,,,,,,6.3V,6.3V,,,0.3mm,,,,,,,,,,,,
C33,0.1uF 6v,C0201_PERFECT,CC0201KRX5R5BB104,Cap Ceramic 0.1uF 6.3VDC X5R 10% SMD 0201 Paper T/R,RT_SUPER_C1.SchDoc,No,,,,,100nF,,,0201,0603,0201,Ceramic Capacitors,,,,=Value,https://datasheet.ciiva.com/176/mlccorderingcode-176765.pdf?src-supplier=Digi-Key,https://datasheet.ciiva.com/176/mlccorderingcode-176765.pdf?src-supplier=Digi-Key,https://datasheet.ciiva.com/176/mlccorderingcode-176766.pdf?src-supplier=Digi-Key,https://datasheet.ciiva.com/176/mlccorderingcode-176766.pdf?src-supplier=Digi-Key,https://datasheet.ciiva.com/176/mlccorderingcode-176767.pdf?src-supplier=Digi-Key,https://datasheet.ciiva.com/176/mlccorderingcode-176767.pdf?src-supplier=Digi-Key,https://datasheet.ciiva.com/28450/1359354-28450200.pdf?src-supplier=Element14,https://datasheet.ciiva.com/28450/1359354-28450200.pdf?src-supplier=Element14,https://datasheet.ciiva.com/7656/1525783-7656597.pdf?src-supplier=Element14,https://datasheet.ciiva.com/7656/1525783-7656597.pdf?src-supplier=Element14,,,,,,,,,0.3mm,X5R,,,,,,,Halogen Free,0.3mm,,,,,,,Lead Free,0.6mm,,,,,,,,Yageo,CC0201KRX5R5BB104,85°C,,,,,-55°C,,Surface Mount,,,,,,,,,,,,2,,,,,,1,Tape and Reel,,,,,,,"1=0.10000, 10=0.02400, 50=0.01340, 100=0.01090, 500=0.00776, 1000=0.00610, 2500=0.00555, 5000=0.00510 (USD)",,,,,No SVHC,,,,,Ceramic,,Yes,Yes,,CC,,,,,,,,2999877,,,Digi-Key,,,,311-1408-1-ND,,,,,SMD/SMT,0.013inch,,10%,,,,0.1uF 6v,,,,,,,,,6.3V,6.3V,,,0.3mm,,,,,,,,,,,,
C34,0.1uF 6v,C0201_PERFECT,CC0201KRX5R5BB104,Cap Ceramic 0.1uF 6.3VDC X5R 10% SMD 0201 Paper T/R,RT_SUPER_C1.SchDoc,No,,,,,100nF,,,0201,0603,0201,Ceramic Capacitors,,,,=Value,https://datasheet.ciiva.com/176/mlccorderingcode-176765.pdf?src-supplier=Digi-Key,https://datasheet.ciiva.com/176/mlccorderingcode-176765.pdf?src-supplier=Digi-Key,https://datasheet.ciiva.com/176/mlccorderingcode-176766.pdf?src-supplier=Digi-Key,https://datasheet.ciiva.com/176/mlccorderingcode-176766.pdf?src-supplier=Digi-Key,https://datasheet.ciiva.com/176/mlccorderingcode-176767.pdf?src-supplier=Digi-Key,https://datasheet.ciiva.com/176/mlccorderingcode-176767.pdf?src-supplier=Digi-Key,https://datasheet.ciiva.com/28450/1359354-28450200.pdf?src-supplier=Element14,https://datasheet.ciiva.com/28450/1359354-28450200.pdf?src-supplier=Element14,https://datasheet.ciiva.com/7656/1525783-7656597.pdf?src-supplier=Element14,https://datasheet.ciiva.com/7656/1525783-7656597.pdf?src-supplier=Element14,,,,,,,,,0.3mm,X5R,,,,,,,Halogen Free,0.3mm,,,,,,,Lead Free,0.6mm,,,,,,,,Yageo,CC0201KRX5R5BB104,85°C,,,,,-55°C,,Surface Mount,,,,,,,,,,,,2,,,,,,1,Tape and Reel,,,,,,,"1=0.10000, 10=0.02400, 50=0.01340, 100=0.01090, 500=0.00776, 1000=0.00610, 2500=0.00555, 5000=0.00510 (USD)",,,,,No SVHC,,,,,Ceramic,,Yes,Yes,,CC,,,,,,,,2999877,,,Digi-Key,,,,311-1408-1-ND,,,,,SMD/SMT,0.013inch,,10%,,,,0.1uF 6v,,,,,,,,,6.3V,6.3V,,,0.3mm,,,,,,,,,,,,
C35,0.1uF 6v,C0201_PERFECT,CC0201KRX5R5BB104,Cap Ceramic 0.1uF 6.3VDC X5R 10% SMD 0201 Paper T/R,RT_SUPER_C1.SchDoc,No,,,,,100nF,,,0201,0603,0201,Ceramic Capacitors,,,,=Value,https://datasheet.ciiva.com/176/mlccorderingcode-176765.pdf?src-supplier=Digi-Key,https://datasheet.ciiva.com/176/mlccorderingcode-176765.pdf?src-supplier=Digi-Key,https://datasheet.ciiva.com/176/mlccorderingcode-176766.pdf?src-supplier=Digi-Key,https://datasheet.ciiva.com/176/mlccorderingcode-176766.pdf?src-supplier=Digi-Key,https://datasheet.ciiva.com/176/mlccorderingcode-176767.pdf?src-supplier=Digi-Key,https://datasheet.ciiva.com/176/mlccorderingcode-176767.pdf?src-supplier=Digi-Key,https://datasheet.ciiva.com/28450/1359354-28450200.pdf?src-supplier=Element14,https://datasheet.ciiva.com/28450/1359354-28450200.pdf?src-supplier=Element14,https://datasheet.ciiva.com/7656/1525783-7656597.pdf?src-supplier=Element14,https://datasheet.ciiva.com/7656/1525783-7656597.pdf?src-supplier=Element14,,,,,,,,,0.3mm,X5R,,,,,,,Halogen Free,0.3mm,,,,,,,Lead Free,0.6mm,,,,,,,,Yageo,CC0201KRX5R5BB104,85°C,,,,,-55°C,,Surface Mount,,,,,,,,,,,,2,,,,,,1,Tape and Reel,,,,,,,"1=0.10000, 10=0.02400, 50=0.01340, 100=0.01090, 500=0.00776, 1000=0.00610, 2500=0.00555, 5000=0.00510 (USD)",,,,,No SVHC,,,,,Ceramic,,Yes,Yes,,CC,,,,,,,,2999877,,,Digi-Key,,,,311-1408-1-ND,,,,,SMD/SMT,0.013inch,,10%,,,,0.1uF 6v,,,,,,,,,6.3V,6.3V,,,0.3mm,,,,,,,,,,,,
C36,0.1uF 6v,C0201_PERFECT,CC0201KRX5R5BB104,Cap Ceramic 0.1uF 6.3VDC X5R 10% SMD 0201 Paper T/R,RT_SUPER_C1.SchDoc,No,,,,,100nF,,,0201,0603,0201,Ceramic Capacitors,,,,=Value,https://datasheet.ciiva.com/176/mlccorderingcode-176765.pdf?src-supplier=Digi-Key,https://datasheet.ciiva.com/176/mlccorderingcode-176765.pdf?src-supplier=Digi-Key,https://datasheet.ciiva.com/176/mlccorderingcode-176766.pdf?src-supplier=Digi-Key,https://datasheet.ciiva.com/176/mlccorderingcode-176766.pdf?src-supplier=Digi-Key,https://datasheet.ciiva.com/176/mlccorderingcode-176767.pdf?src-supplier=Digi-Key,https://datasheet.ciiva.com/176/mlccorderingcode-176767.pdf?src-supplier=Digi-Key,https://datasheet.ciiva.com/28450/1359354-28450200.pdf?src-supplier=Element14,https://datasheet.ciiva.com/28450/1359354-28450200.pdf?src-supplier=Element14,https://datasheet.ciiva.com/7656/1525783-7656597.pdf?src-supplier=Element14,https://datasheet.ciiva.com/7656/1525783-7656597.pdf?src-supplier=Element14,,,,,,,,,0.3mm,X5R,,,,,,,Halogen Free,0.3mm,,,,,,,Lead Free,0.6mm,,,,,,,,Yageo,CC0201KRX5R5BB104,85°C,,,,,-55°C,,Surface Mount,,,,,,,,,,,,2,,,,,,1,Tape and Reel,,,,,,,"1=0.10000, 10=0.02400, 50=0.01340, 100=0.01090, 500=0.00776, 1000=0.00610, 2500=0.00555, 5000=0.00510 (USD)",,,,,No SVHC,,,,,Ceramic,,Yes,Yes,,CC,,,,,,,,2999877,,,Digi-Key,,,,311-1408-1-ND,,,,,SMD/SMT,0.013inch,,10%,,,,0.1uF 6v,,,,,,,,,6.3V,6.3V,,,0.3mm,,,,,,,,,,,,
C37,0.1uF 6v,C0201_PERFECT,CC0201KRX5R5BB104,Cap Ceramic 0.1uF 6.3VDC X5R 10% SMD 0201 Paper T/R,RT_SUPER_C1.SchDoc,No,,,,,100nF,,,0201,0603,0201,Ceramic Capacitors,,,,=Value,https://datasheet.ciiva.com/176/mlccorderingcode-176765.pdf?src-supplier=Digi-Key,https://datasheet.ciiva.com/176/mlccorderingcode-176765.pdf?src-supplier=Digi-Key,https://datasheet.ciiva.com/176/mlccorderingcode-176766.pdf?src-supplier=Digi-Key,https://datasheet.ciiva.com/176/mlccorderingcode-176766.pdf?src-supplier=Digi-Key,https://datasheet.ciiva.com/176/mlccorderingcode-176767.pdf?src-supplier=Digi-Key,https://datasheet.ciiva.com/176/mlccorderingcode-176767.pdf?src-supplier=Digi-Key,https://datasheet.ciiva.com/28450/1359354-28450200.pdf?src-supplier=Element14,https://datasheet.ciiva.com/28450/1359354-28450200.pdf?src-supplier=Element14,https://datasheet.ciiva.com/7656/1525783-7656597.pdf?src-supplier=Element14,https://datasheet.ciiva.com/7656/1525783-7656597.pdf?src-supplier=Element14,,,,,,,,,0.3mm,X5R,,,,,,,Halogen Free,0.3mm,,,,,,,Lead Free,0.6mm,,,,,,,,Yageo,CC0201KRX5R5BB104,85°C,,,,,-55°C,,Surface Mount,,,,,,,,,,,,2,,,,,,1,Tape and Reel,,,,,,,"1=0.10000, 10=0.02400, 50=0.01340, 100=0.01090, 500=0.00776, 1000=0.00610, 2500=0.00555, 5000=0.00510 (USD)",,,,,No SVHC,,,,,Ceramic,,Yes,Yes,,CC,,,,,,,,2999877,,,Digi-Key,,,,311-1408-1-ND,,,,,SMD/SMT,0.013inch,,10%,,,,0.1uF 6v,,,,,,,,,6.3V,6.3V,,,0.3mm,,,,,,,,,,,,
C38,0.1uF 6v,C0201_PERFECT,CC0201KRX5R5BB104,Cap Ceramic 0.1uF 6.3VDC X5R 10% SMD 0201 Paper T/R,RT_SUPER_C1.SchDoc,No,,,,,100nF,,,0201,0603,0201,Ceramic Capacitors,,,,=Value,https://datasheet.ciiva.com/176/mlccorderingcode-176765.pdf?src-supplier=Digi-Key,https://datasheet.ciiva.com/176/mlccorderingcode-176765.pdf?src-supplier=Digi-Key,https://datasheet.ciiva.com/176/mlccorderingcode-176766.pdf?src-supplier=Digi-Key,https://datasheet.ciiva.com/176/mlccorderingcode-176766.pdf?src-supplier=Digi-Key,https://datasheet.ciiva.com/176/mlccorderingcode-176767.pdf?src-supplier=Digi-Key,https://datasheet.ciiva.com/176/mlccorderingcode-176767.pdf?src-supplier=Digi-Key,https://datasheet.ciiva.com/28450/1359354-28450200.pdf?src-supplier=Element14,https://datasheet.ciiva.com/28450/1359354-28450200.pdf?src-supplier=Element14,https://datasheet.ciiva.com/7656/1525783-7656597.pdf?src-supplier=Element14,https://datasheet.ciiva.com/7656/1525783-7656597.pdf?src-supplier=Element14,,,,,,,,,0.3mm,X5R,,,,,,,Halogen Free,0.3mm,,,,,,,Lead Free,0.6mm,,,,,,,,Yageo,CC0201KRX5R5BB104,85°C,,,,,-55°C,,Surface Mount,,,,,,,,,,,,2,,,,,,1,Tape and Reel,,,,,,,"1=0.10000, 10=0.02400, 50=0.01340, 100=0.01090, 500=0.00776, 1000=0.00610, 2500=0.00555, 5000=0.00510 (USD)",,,,,No SVHC,,,,,Ceramic,,Yes,Yes,,CC,,,,,,,,2999877,,,Digi-Key,,,,311-1408-1-ND,,,,,SMD/SMT,0.013inch,,10%,,,,0.1uF 6v,,,,,,,,,6.3V,6.3V,,,0.3mm,,,,,,,,,,,,
C39,0.1uF 6v,C0201_PERFECT,CC0201KRX5R5BB104,Cap Ceramic 0.1uF 6.3VDC X5R 10% SMD 0201 Paper T/R,RT_SUPER_C1.SchDoc,No,,,,,100nF,,,0201,0603,0201,Ceramic Capacitors,,,,=Value,https://datasheet.ciiva.com/176/mlccorderingcode-176765.pdf?src-supplier=Digi-Key,https://datasheet.ciiva.com/176/mlccorderingcode-176765.pdf?src-supplier=Digi-Key,https://datasheet.ciiva.com/176/mlccorderingcode-176766.pdf?src-supplier=Digi-Key,https://datasheet.ciiva.com/176/mlccorderingcode-176766.pdf?src-supplier=Digi-Key,https://datasheet.ciiva.com/176/mlccorderingcode-176767.pdf?src-supplier=Digi-Key,https://datasheet.ciiva.com/176/mlccorderingcode-176767.pdf?src-supplier=Digi-Key,https://datasheet.ciiva.com/28450/1359354-28450200.pdf?src-supplier=Element14,https://datasheet.ciiva.com/28450/1359354-28450200.pdf?src-supplier=Element14,https://datasheet.ciiva.com/7656/1525783-7656597.pdf?src-supplier=Element14,https://datasheet.ciiva.com/7656/1525783-7656597.pdf?src-supplier=Element14,,,,,,,,,0.3mm,X5R,,,,,,,Halogen Free,0.3mm,,,,,,,Lead Free,0.6mm,,,,,,,,Yageo,CC0201KRX5R5BB104,85°C,,,,,-55°C,,Surface Mount,,,,,,,,,,,,2,,,,,,1,Tape and Reel,,,,,,,"1=0.10000, 10=0.02400, 50=0.01340, 100=0.01090, 500=0.00776, 1000=0.00610, 2500=0.00555, 5000=0.00510 (USD)",,,,,No SVHC,,,,,Ceramic,,Yes,Yes,,CC,,,,,,,,2999877,,,Digi-Key,,,,311-1408-1-ND,,,,,SMD/SMT,0.013inch,,10%,,,,0.1uF 6v,,,,,,,,,6.3V,6.3V,,,0.3mm,,,,,,,,,,,,
C4,1µF,C0402_0.55MM_HD,C_2P_NP,CAP CER 1UF 10V X7S 0402,RT_SUPER_C1.SchDoc,No,,,,,,,,,,,Capacitors,,,,=Value,Datasheet (Internal),https://www.murata.com/~/media/webrenewal/support/library/catalog/products/capacitor/mlcc/c03e.ashx?la=en-us,Datasheet (External),https://www.murata.com/~/media/webrenewal/support/library/catalog/products/capacitor/mlcc/c03e.ashx?la=en-us,,,,,,,,,,,,,,,,,,,,,,,,,,,,,,,,,,,,,,,,Murata Electronics,GCM155C71A105KE38D,,,,,,,,,,,,,,,,,,,,,,-55°C ~ 125°C,0402,,,,,,,,,,,,,,,,,,,AEC-Q200,,,,,,,,,,,,,,,,,"1µF , 10V , ±10% , X7S , -55°C ~ 125°C , AEC-Q200 , 0402",Digikey,,,,490-13409-1-ND,,,,X7S,,,0.55MM,±10%,,,,1µF,,,,,,,10V,,,,,,,,,,,,,,,,,,
C40,0.1uF 6v,C0201_PERFECT,CC0201KRX5R5BB104,Cap Ceramic 0.1uF 6.3VDC X5R 10% SMD 0201 Paper T/R,RT_SUPER_C1.SchDoc,No,,,,,100nF,,,0201,0603,0201,Ceramic Capacitors,,,,=Value,https://datasheet.ciiva.com/176/mlccorderingcode-176765.pdf?src-supplier=Digi-Key,https://datasheet.ciiva.com/176/mlccorderingcode-176765.pdf?src-supplier=Digi-Key,https://datasheet.ciiva.com/176/mlccorderingcode-176766.pdf?src-supplier=Digi-Key,https://datasheet.ciiva.com/176/mlccorderingcode-176766.pdf?src-supplier=Digi-Key,https://datasheet.ciiva.com/176/mlccorderingcode-176767.pdf?src-supplier=Digi-Key,https://datasheet.ciiva.com/176/mlccorderingcode-176767.pdf?src-supplier=Digi-Key,https://datasheet.ciiva.com/28450/1359354-28450200.pdf?src-supplier=Element14,https://datasheet.ciiva.com/28450/1359354-28450200.pdf?src-supplier=Element14,https://datasheet.ciiva.com/7656/1525783-7656597.pdf?src-supplier=Element14,https://datasheet.ciiva.com/7656/1525783-7656597.pdf?src-supplier=Element14,,,,,,,,,0.3mm,X5R,,,,,,,Halogen Free,0.3mm,,,,,,,Lead Free,0.6mm,,,,,,,,Yageo,CC0201KRX5R5BB104,85°C,,,,,-55°C,,Surface Mount,,,,,,,,,,,,2,,,,,,1,Tape and Reel,,,,,,,"1=0.10000, 10=0.02400, 50=0.01340, 100=0.01090, 500=0.00776, 1000=0.00610, 2500=0.00555, 5000=0.00510 (USD)",,,,,No SVHC,,,,,Ceramic,,Yes,Yes,,CC,,,,,,,,2999877,,,Digi-Key,,,,311-1408-1-ND,,,,,SMD/SMT,0.013inch,,10%,,,,0.1uF 6v,,,,,,,,,6.3V,6.3V,,,0.3mm,,,,,,,,,,,,
C41,0.1uF 6v,C0201_PERFECT,CC0201KRX5R5BB104,Cap Ceramic 0.1uF 6.3VDC X5R 10% SMD 0201 Paper T/R,RT_SUPER_C1.SchDoc,No,,,,,100nF,,,0201,0603,0201,Ceramic Capacitors,,,,=Value,https://datasheet.ciiva.com/176/mlccorderingcode-176765.pdf?src-supplier=Digi-Key,https://datasheet.ciiva.com/176/mlccorderingcode-176765.pdf?src-supplier=Digi-Key,https://datasheet.ciiva.com/176/mlccorderingcode-176766.pdf?src-supplier=Digi-Key,https://datasheet.ciiva.com/176/mlccorderingcode-176766.pdf?src-supplier=Digi-Key,https://datasheet.ciiva.com/176/mlccorderingcode-176767.pdf?src-supplier=Digi-Key,https://datasheet.ciiva.com/176/mlccorderingcode-176767.pdf?src-supplier=Digi-Key,https://datasheet.ciiva.com/28450/1359354-28450200.pdf?src-supplier=Element14,https://datasheet.ciiva.com/28450/1359354-28450200.pdf?src-supplier=Element14,https://datasheet.ciiva.com/7656/1525783-7656597.pdf?src-supplier=Element14,https://datasheet.ciiva.com/7656/1525783-7656597.pdf?src-supplier=Element14,,,,,,,,,0.3mm,X5R,,,,,,,Halogen Free,0.3mm,,,,,,,Lead Free,0.6mm,,,,,,,,Yageo,CC0201KRX5R5BB104,85°C,,,,,-55°C,,Surface Mount,,,,,,,,,,,,2,,,,,,1,Tape and Reel,,,,,,,"1=0.10000, 10=0.02400, 50=0.01340, 100=0.01090, 500=0.00776, 1000=0.00610, 2500=0.00555, 5000=0.00510 (USD)",,,,,No SVHC,,,,,Ceramic,,Yes,Yes,,CC,,,,,,,,2999877,,,Digi-Key,,,,311-1408-1-ND,,,,,SMD/SMT,0.013inch,,10%,,,,0.1uF 6v,,,,,,,,,6.3V,6.3V,,,0.3mm,,,,,,,,,,,,
C42,0.1µF,C0402_0.55MM_MD,C_2P_NP,CAP CER 0.1UF 16V X7R 0402,RT_SUPER_C1.SchDoc,No,,,,,,,,,,,Capacitors,,,,=Value,Datasheet (Internal),datasheets\TDK\mlcc_automotive_general_en.pdf,Datasheet (External),https://product.tdk.com/info/en/catalog/datasheets/mlcc_automotive_general_en.pdf,,,,,,,,,,,,,,,,,,,,-,,,,,,,,,,,,,,,,,,,,TDK Corporation,CGA2B1X7R1C104K050BC,,,,,,,,,,,,,,,,,,,,,,-55°C ~ 125°C,0402,,,,,,,,,,,,,,,,,,,AEC-Q200,,,,,,,,,,,,,,,,,"0.1µF , 16V , ±10% , X7R , -55°C ~ 125°C , AEC-Q200 , 0402",Digikey,,,,445-5613-1-ND,,,,X7R,,,0.55MM,±10%,,,,0.1µF,,,,,,,16V,,,,,,,,,,,,,,,,,,
C43,0.1µF,C0402_0.55MM_MD,C_2P_NP,CAP CER 0.1UF 16V X7R 0402,RT_SUPER_C1.SchDoc,No,,,,,,,,,,,Capacitors,,,,=Value,Datasheet (Internal),datasheets\TDK\mlcc_automotive_general_en.pdf,Datasheet (External),https://product.tdk.com/info/en/catalog/datasheets/mlcc_automotive_general_en.pdf,,,,,,,,,,,,,,,,,,,,-,,,,,,,,,,,,,,,,,,,,TDK Corporation,CGA2B1X7R1C104K050BC,,,,,,,,,,,,,,,,,,,,,,-55°C ~ 125°C,0402,,,,,,,,,,,,,,,,,,,AEC-Q200,,,,,,,,,,,,,,,,,"0.1µF , 16V , ±10% , X7R , -55°C ~ 125°C , AEC-Q200 , 0402",Digikey,,,,445-5613-1-ND,,,,X7R,,,0.55MM,±10%,,,,0.1µF,,,,,,,16V,,,,,,,,,,,,,,,,,,
C44,8pF,C0402_0.55MM_HD,C_2P_NP,CAP CER 8PF 50V C0G/NP0 0402,RT_SUPER_C1.SchDoc,No,,,,,,,,,,,,,,,=Value,Datasheet (Internal),https://www.murata.com/~/media/webrenewal/support/library/catalog/products/capacitor/mlcc/c03e.ashx?la=en-us,Datasheet (External),https://www.murata.com/~/media/webrenewal/support/library/catalog/products/capacitor/mlcc/c03e.ashx?la=en-us,,,,,,,,,,,,,,,,,,,,,,,,,,,,,,,,,,,,,,,,,,,,,,,,,,,,,,,,,,,,,,,-55°C ~ 125°C,402,,,,,,,,,,,,,,,,,,,AEC-Q200,,,,,,,,,,,,,,,,,"8pF , 50V , ±0.5pF , C0G, NP0 , -55°C ~ 125°C , AEC-Q200 , 0402",Digikey,,,,490-13294-1-ND,,,,"C0G, NP0",,,0.55MM,±0.5pF,,,,8pF,,,,,,,50V,,,,,,,GCM1555C1H8R0DA16D,,capacitors/Murata_C0402,019a404f-4218-7c53-d35c-d6453855ed4c,,C0402_0.55MM_MD,footprints\C0402_0.55MM_MD.kicad_mod,C_2P_NP,symbols\C_2P_NP.kicad_sym,Murata Electronics,GCM1555C1H8R0DA16D,
C45,8pF,C0402_0.55MM_HD,C_2P_NP,CAP CER 8PF 50V C0G/NP0 0402,RT_SUPER_C1.SchDoc,No,,,,,,,,,,,,,,,=Value,Datasheet (Internal),https://www.murata.com/~/media/webrenewal/support/library/catalog/products/capacitor/mlcc/c03e.ashx?la=en-us,Datasheet (External),https://www.murata.com/~/media/webrenewal/support/library/catalog/products/capacitor/mlcc/c03e.ashx?la=en-us,,,,,,,,,,,,,,,,,,,,,,,,,,,,,,,,,,,,,,,,,,,,,,,,,,,,,,,,,,,,,,,-55°C ~ 125°C,402,,,,,,,,,,,,,,,,,,,AEC-Q200,,,,,,,,,,,,,,,,,"8pF , 50V , ±0.5pF , C0G, NP0 , -55°C ~ 125°C , AEC-Q200 , 0402",Digikey,,,,490-13294-1-ND,,,,"C0G, NP0",,,0.55MM,±0.5pF,,,,8pF,,,,,,,50V,,,,,,,GCM1555C1H8R0DA16D,,capacitors/Murata_C0402,019a404f-4218-7c53-d35c-d6453855ed4c,,C0402_0.55MM_MD,footprints\C0402_0.55MM_MD.kicad_mod,C_2P_NP,symbols\C_2P_NP.kicad_sym,Murata Electronics,GCM1555C1H8R0DA16D,
C5,2.2µF,C0603_0.90MM_MD,C_2P_NP,CAP CER 2.2UF 6.3V X7R 0603,RT_SUPER_C1.SchDoc,No,,,,,,,,,,,,,,,=Value,,,,,,,,,,,,,,,,,,,,,,,,,,,,,,,,,,,,,,,,,,,,,,,,,,,,,,,,,,,,,,,,,,,-55°C ~ 125°C,603,,,,,,,,,,,,,,,,,,,AEC-Q200,,,,,,,,,,,,,,,,,"2.2µF , 6.3V , ±10% , X7R , -55°C ~ 125°C , AEC-Q200 , 0603",,,,,,,,,X7R,,,0.90MM,±10%,,,,2.2µF,,,,,,,6.3V,,,,,,,GCM188R70J225KE22D,,capacitors/Murata_C0603,019a404f-4691-7d07-43f1-8d708eb8f7ec,C126582,C0603_0.90MM_MD,footprints\C0603_0.90MM_MD.kicad_mod,C_2P_NP,symbols\C_2P_NP.kicad_sym,Murata Electronics,GCM188R70J225KE22D,
C6,0.1uF 6v,C0201_PERFECT,CC0201KRX5R5BB104,Cap Ceramic 0.1uF 6.3VDC X5R 10% SMD 0201 Paper T/R,RT_SUPER_C1.SchDoc,No,,,,,100nF,,,0201,0603,0201,Ceramic Capacitors,,,,=Value,https://datasheet.ciiva.com/176/mlccorderingcode-176765.pdf?src-supplier=Digi-Key,https://datasheet.ciiva.com/176/mlccorderingcode-176765.pdf?src-supplier=Digi-Key,https://datasheet.ciiva.com/176/mlccorderingcode-176766.pdf?src-supplier=Digi-Key,https://datasheet.ciiva.com/176/mlccorderingcode-176766.pdf?src-supplier=Digi-Key,https://datasheet.ciiva.com/176/mlccorderingcode-176767.pdf?src-supplier=Digi-Key,https://datasheet.ciiva.com/176/mlccorderingcode-176767.pdf?src-supplier=Digi-Key,https://datasheet.ciiva.com/28450/1359354-28450200.pdf?src-supplier=Element14,https://datasheet.ciiva.com/28450/1359354-28450200.pdf?src-supplier=Element14,https://datasheet.ciiva.com/7656/1525783-7656597.pdf?src-supplier=Element14,https://datasheet.ciiva.com/7656/1525783-7656597.pdf?src-supplier=Element14,,,,,,,,,0.3mm,X5R,,,,,,,Halogen Free,0.3mm,,,,,,,Lead Free,0.6mm,,,,,,,,Yageo,CC0201KRX5R5BB104,85°C,,,,,-55°C,,Surface Mount,,,,,,,,,,,,2,,,,,,1,Tape and Reel,,,,,,,"1=0.10000, 10=0.02400, 50=0.01340, 100=0.01090, 500=0.00776, 1000=0.00610, 2500=0.00555, 5000=0.00510 (USD)",,,,,No SVHC,,,,,Ceramic,,Yes,Yes,,CC,,,,,,,,2999877,,,Digi-Key,,,,311-1408-1-ND,,,,,SMD/SMT,0.013inch,,10%,,,,0.1uF 6v,,,,,,,,,6.3V,6.3V,,,0.3mm,,,,,,,,,,,,
C7,10µF,C0603_0.90MM_MD,C_2P_NP,CAP CER 10UF 10V X5R 0603,RT_SUPER_C1.SchDoc,No,,,,,,,,,,,Capacitors,,,,=Value,Datasheet (Internal),https://search.murata.co.jp/Ceramy/image/img/A01X/G101/ENG/GRT188R61A106ME13-01.pdf,Datasheet (External),https://search.murata.co.jp/Ceramy/image/img/A01X/G101/ENG/GRT188R61A106ME13-01.pdf,,,,,,,,,,,,,,,,,,,,,,,,,,,,,,,,,,,,,,,,Murata Electronics,GRT188R61A106ME13D,,,,,,,,,,,,,,,,,,,,,,-55°C ~ 85°C,0603,,,,,,,,,,,,,,,,,,,AEC-Q200,,,,,,,,,,,,,,,,,"10µF , 10V , ±20% , X5R , -55°C ~ 85°C , AEC-Q200 , 0603",Digikey,,,,490-12312-1-ND,,,,X5R,,,0.90MM,±20%,,,,10µF,,,,,,,10V,,,,,,,,,,,,,,,,,,
C8,1µF,C0402_0.55MM_HD,C_2P_NP,CAP CER 1UF 10V X7S 0402,RT_SUPER_C1.SchDoc,No,,,,,,,,,,,Capacitors,,,,=Value,Datasheet (Internal),https://www.murata.com/~/media/webrenewal/support/library/catalog/products/capacitor/mlcc/c03e.ashx?la=en-us,Datasheet (External),https://www.murata.com/~/media/webrenewal/support/library/catalog/products/capacitor/mlcc/c03e.ashx?la=en-us,,,,,,,,,,,,,,,,,,,,,,,,,,,,,,,,,,,,,,,,Murata Electronics,GCM155C71A105KE38D,,,,,,,,,,,,,,,,,,,,,,-55°C ~ 125°C,0402,,,,,,,,,,,,,,,,,,,AEC-Q200,,,,,,,,,,,,,,,,,"1µF , 10V , ±10% , X7S , -55°C ~ 125°C , AEC-Q200 , 0402",Digikey,,,,490-13409-1-ND,,,,X7S,,,0.55MM,±10%,,,,1µF,,,,,,,10V,,,,,,,,,,,,,,,,,,
C9,10µF,C0603_0.90MM_MD,C_2P_NP,CAP CER 10UF 10V X5R 0603,RT_SUPER_C1.SchDoc,No,,,,,,,,,,,Capacitors,,,,=Value,Datasheet (Internal),https://search.murata.co.jp/Ceramy/image/img/A01X/G101/ENG/GRT188R61A106ME13-01.pdf,Datasheet (External),https://search.murata.co.jp/Ceramy/image/img/A01X/G101/ENG/GRT188R61A106ME13-01.pdf,,,,,,,,,,,,,,,,,,,,,,,,,,,,,,,,,,,,,,,,Murata Electronics,GRT188R61A106ME13D,,,,,,,,,,,,,,,,,,,,,,-55°C ~ 85°C,0603,,,,,,,,,,,,,,,,,,,AEC-Q200,,,,,,,,,,,,,,,,,"10µF , 10V , ±20% , X5R , -55°C ~ 85°C , AEC-Q200 , 0603",Digikey,,,,490-12312-1-ND,,,,X5R,,,0.90MM,±20%,,,,10µF,,,,,,,10V,,,,,,,,,,,,,,,,,,
D1,BAT760-7,D_SOD-323_P,DS_1A_2C,DIODE SCHOTTKY 30V 1A SOD323,RT_SUPER_C1.SchDoc,No,,,,,,,25pF @ 5V- 1MHz,,,,Diodes,400,,,=Value,Internal Datasheet,http://www.diodes.com/datasheets/ds30498.pdf,External Datasheet,http://www.diodes.com/datasheets/ds30498.pdf,,,,,,,,,,1A,,50µA @ 15V,,,,,1A_2C,Schottky,,,,,,,,,,,,,,,,,,,,,,Diodes Inc,BAT760-7,,,,,,,,,Surface Mount,2,,,,,,,,,,,,,SC-76- SOD-323,,,,Cut Tape (CT),,,,,,,,,,,,,,,,,,-,,,,,,,,,,BAT760-7,Fast Recovery =< 500ns- > 200mA (Io),,,,Digi-Key,,SOD-323,,BAT760DICT-ND,,,,,,,,,,,,BAT760-7,,,,30V,550mV @ 1A,,,,,,,,,,,,,,,,,,,,
D2,BAT760-7,D_SOD-323_P,DS_1A_2C,DIODE SCHOTTKY 30V 1A SOD323,RT_SUPER_C1.SchDoc,No,,,,,,,25pF @ 5V- 1MHz,,,,Diodes,400,,,=Value,Internal Datasheet,http://www.diodes.com/datasheets/ds30498.pdf,External Datasheet,http://www.diodes.com/datasheets/ds30498.pdf,,,,,,,,,,1A,,50µA @ 15V,,,,,1A_2C,Schottky,,,,,,,,,,,,,,,,,,,,,,Diodes Inc,BAT760-7,,,,,,,,,Surface Mount,2,,,,,,,,,,,,,SC-76- SOD-323,,,,Cut Tape (CT),,,,,,,,,,,,,,,,,,-,,,,,,,,,,BAT760-7,Fast Recovery =< 500ns- > 200mA (Io),,,,Digi-Key,,SOD-323,,BAT760DICT-ND,,,,,,,,,,,,BAT760-7,,,,30V,550mV @ 1A,,,,,,,,,,,,,,,,,,,,
D3,LED 1.6X0.8MM 570NM GRN CLR SMD,LED_0603 - GREEN,APT1608CGCK,LED 1.6X0.8MM 570NM GRN CLR SMD,RT_SUPER_C1.SchDoc,No,,,,,,,,,,,Optoelectronics,,,Green,=Value,http://www.us.kingbright.com/images/catalog/SPEC/APT1608CGCK.pdf,http://www.us.kingbright.com/images/catalog/SPEC/APT1608CGCK.pdf,,,,,,,,,,,,,,,20mA,,,,,,,,,,,0.75mm,,,,,,,,,"Rectangle with Flat Top, 1.2mm x 0.8mm",Clear,,,,,-,Kingbright Corp,APT1608CGCK,,,,,50mcd,,,,Surface Mount,,,,,,,,,,,,,,,0603 (1608 Metric),,,Tape & Reel (TR),,,,,,,,"1=0.2, 10=0.153, 25=0.1224, 100=0.1105, 250=0.102, 500=0.0918 (USD)",,,,,,,,,,,RoHS Compliant,,,,,1.60mm L x 0.80mm W,,,,,,,89450,,Digi-Key,Digikey,,,754-1116-1-ND,160-2162-1-ND,,,,,,,,,,,LED 1.6X0.8MM 570NM GRN CLR SMD,120°,,,,,2.1V,,,,,570nm,574nm,,,,,,,,,,,,,
D4,LED 1.6X0.8MM 630NM RED CLR SMD,LED_0603 - RED,APT1608SURCK,LED 1.6X0.8MM 630NM RED CLR SMD,RT_SUPER_C1.SchDoc,No,,,,,,,,,,,Optoelectronics,,,Red,=Value,http://www.us.kingbright.com/images/catalog/SPEC/APT1608SURCK.pdf,http://www.us.kingbright.com/images/catalog/SPEC/APT1608SURCK.pdf,,,,,,,,,,,,,,,20mA,,,,,,,,,,,0.75mm,,,,,,,,,"Rectangle, 1.2mm x 0.8mm",Clear,,,,,-,Kingbright Corp,APT1608SURCK,,,,,220mcd,,,,Surface Mount,,,,,,,,,,,,,,,0603 (1608 Metric),,,Cut Tape (CT),,,,,,,,"1=0.16, 10=0.116, 25=0.0932, 100=0.0853, 250=0.07752, 500=0.06976, 1000=0.062 (USD)",,,,,,,,,,,RoHS Compliant,,,,,1.60mm L x 0.80mm W,,,,,,,92099,,Digi-Key,,,,754-1123-1-ND,,,,,,,,,,,,LED 1.6X0.8MM 630NM RED CLR SMD,120°,,,,,1.95V,,,,,630nm,650nm,,,,,,,,,,,,,
J2,FTSH-105-01-L-DV-K-TR,FTSH-105-01-L-DV-K-TR,CORTEX-DEBUG,"10P 1.27mm 3.4A 2 Surface Mount,Vertical -55?~+125? SMD,P=1.27mm Headers, Male Pins ROHS",RT_SUPER_C1.SchDoc,No,,,,,,,,,,,,,,,=Value,,,,,,,,,,,,,,,,,,,,,,,,,,,,,,,,,,,,,,,,,,,,,,,,,,,,,,,,,,,,,,,,,,,,,,,,,,,,,,,,,,,,,,,,,,,,,,,,,,,,,,,,,,,,,,,,,,,,,,,,,FTSH-105-01-L-DV-K-TR,,,,,,,,,,,,,,FTSH-105-01-L-DV-K-TR,,connector/debug,019a404f-3a14-73a5-034e-ae816e395ea1,C448647,FTSH-105-01-L-DV-K-TR,footprints\FTSH-105-01-L-DV-K-TR.kicad_mod,CORTEX-DEBUG,symbols\CORTEX-DEBUG.kicad_sym,Samtec,FTSH-105-01-L-DV-K-TR,
L2,2.2µH 1.5A,L_NRH3012,L_2P,Inductor 2.2µH 1.5A,RT_SUPER_C1.SchDoc,No,,,,,,,,,,,Inductors,300,,,=Value,External Datasheet,https://www.yuden.co.jp/productdata/catalog/en/wound04_e.pdf,,,,,,,,,,,,,,,,90 mOhm Max,,,,,,,,,,,1.2MM,,1.37,2.2,1.5,,,,,,,,,,,Taiyo Yuden,NRH3012T2R2MN,,,,,,,,,,,,,,,,,,,,,,,NRH3012,,,,,NRH3012T2R2MN,,,,,,,,,,,,,-,,,,,,,78MHz,,Sheilded,,,2.2_1.5,2.2_1.5_NRH3012,,,,,,Digikey,,,,587-2589-1-ND,,0.28,,,,,,±20%,,,,2.2µH 1.5A,,,,,,,,,,,,,,,,,,,,,,,,,
L3,2.2µH 1.5A,L_NRH3012,L_2P,Inductor 2.2µH 1.5A,RT_SUPER_C1.SchDoc,No,,,,,,,,,,,Inductors,300,,,=Value,External Datasheet,https://www.yuden.co.jp/productdata/catalog/en/wound04_e.pdf,,,,,,,,,,,,,,,,90 mOhm Max,,,,,,,,,,,1.2MM,,1.37,2.2,1.5,,,,,,,,,,,Taiyo Yuden,NRH3012T2R2MN,,,,,,,,,,,,,,,,,,,,,,,NRH3012,,,,,NRH3012T2R2MN,,,,,,,,,,,,,-,,,,,,,78MHz,,Sheilded,,,2.2_1.5,2.2_1.5_NRH3012,,,,,,Digikey,,,,587-2589-1-ND,,0.28,,,,,,±20%,,,,2.2µH 1.5A,,,,,,,,,,,,,,,,,,,,,,,,,
R1,10k,R0402_0.40MM_HD,R_2P,RES 10K OHM 1/10W 1% 0402 SMD,RT_SUPER_C1.SchDoc,No,,,,,,,,,,,Resistors,,,,=Value,Internal Datasheet,datasheets\Panasonic Electronic Components\AOA0000CE2.pdf,External Datasheet,http://industrial.panasonic.com/www-data/pdf/AOA0000/AOA0000CE2.pdf,,,,,,,,,Thick Film,,,,,,,,,,,-,,,,0.40MM,,,,,,,,,,,50,,,,,Panasonic Electronic Components,ERJ-2RKF1002X,,,100,31.6V,,,,,,,,,,,,,,,,,2,,0402 (1005 Metric),,0402  (0.1W),,Cut Tape (CT),,,0.1W- 1/10W,,,,,,,,,,,,AEC-Q200,10k,,,,,,,,"0.039"" L x 0.020"" W (1.00mm x 0.50mm)",,10000,402_10000,,,,,"10k , ±1% , 0402 , AEC-Q200",Digi-Key,,,0402,P10.0KLCT-ND,,,,±100ppm/°C,,,,±1%,,,,10k,,,,,,,,,,,,,,,,,,,,,,,,,
R10,0,R0402_0.40MM_HD,R_2P,RES 0.0 OHM 1/10W JUMP 0402 SMD,RT_SUPER_C1.SchDoc,No,,,,,,,,,,,Resistors,,,,=Value,Internal Datasheet,datasheets\Panasonic Electronic Components\AOA0000CE1.pdf,External Datasheet,http://industrial.panasonic.com/www-data/pdf/AOA0000/AOA0000CE1.pdf,,,,,,,,,Thick Film,,,,,,,,,,,-,,,,0.40MM,,,,,,,,,,,50,,,,,Panasonic Electronic Components,ERJ-2GE0R00X,,,100,0.0V,,,,,,,,,,,,,,,,,2,,0402 (1005 Metric),,0402  (0.1W),,,,,0.1W- 1/10W,,,,,,,,,,,,AEC-Q200,0,,,,,,,,"0.039"" L x 0.020"" W (1.00mm x 0.50mm)",,0,402_0,,,,,"0 , Jumper , 0402 , AEC-Q200",Digi-Key,,,0402,P0.0JCT-ND,,,,-,,,,Jumper,,,,0,,,,,,,,,,,,,,,,,,,,,,,,,
R12,100k,R0402_0.40MM_HD,R_2P,RES 100K OHM 1/10W 1% 0402 SMD,RT_SUPER_C1.SchDoc,No,,,,,,,,,,,Resistors,,,,=Value,Internal Datasheet,datasheets\Panasonic Electronic Components\AOA0000CE2.pdf,External Datasheet,http://industrial.panasonic.com/www-data/pdf/AOA0000/AOA0000CE2.pdf,,,,,,,,,Thick Film,,,,,,,,,,,-,,,,0.40MM,,,,,,,,,,,50,,,,,Panasonic Electronic Components,ERJ-2RKF1003X,,,100,50.0V,,,,,,,,,,,,,,,,,2,,0402 (1005 Metric),,0402  (0.1W),,Cut Tape (CT),,,0.1W- 1/10W,,,,,,,,,,,,AEC-Q200,100k,,,,,,,,"0.039"" L x 0.020"" W (1.00mm x 0.50mm)",,100000,402_100000,,,,,"100k , ±1% , 0402 , AEC-Q200",Digi-Key,,,0402,P100KLCT-ND,,,,±100ppm/°C,,,,±1%,,,,100k,,,,,,,,,,,,,,,,,,,,,,,,,
R13,100k,R0402_0.40MM_HD,R_2P,RES 100K OHM 1/10W 1% 0402 SMD,RT_SUPER_C1.SchDoc,No,,,,,,,,,,,Resistors,,,,=Value,Internal Datasheet,datasheets\Panasonic Electronic Components\AOA0000CE2.pdf,External Datasheet,http://industrial.panasonic.com/www-data/pdf/AOA0000/AOA0000CE2.pdf,,,,,,,,,Thick Film,,,,,,,,,,,-,,,,0.40MM,,,,,,,,,,,50,,,,,Panasonic Electronic Components,ERJ-2RKF1003X,,,100,50.0V,,,,,,,,,,,,,,,,,2,,0402 (1005 Metric),,0402  (0.1W),,Cut Tape (CT),,,0.1W- 1/10W,,,,,,,,,,,,AEC-Q200,100k,,,,,,,,"0.039"" L x 0.020"" W (1.00mm x 0.50mm)",,100000,402_100000,,,,,"100k , ±1% , 0402 , AEC-Q200",Digi-Key,,,0402,P100KLCT-ND,,,,±100ppm/°C,,,,±1%,,,,100k,,,,,,,,,,,,,,,,,,,,,,,,,
R14,100k,R0402_0.40MM_HD,R_2P,RES 100K OHM 1/10W 1% 0402 SMD,RT_SUPER_C1.SchDoc,No,,,,,,,,,,,Resistors,,,,=Value,Internal Datasheet,datasheets\Panasonic Electronic Components\AOA0000CE2.pdf,External Datasheet,http://industrial.panasonic.com/www-data/pdf/AOA0000/AOA0000CE2.pdf,,,,,,,,,Thick Film,,,,,,,,,,,-,,,,0.40MM,,,,,,,,,,,50,,,,,Panasonic Electronic Components,ERJ-2RKF1003X,,,100,50.0V,,,,,,,,,,,,,,,,,2,,0402 (1005 Metric),,0402  (0.1W),,Cut Tape (CT),,,0.1W- 1/10W,,,,,,,,,,,,AEC-Q200,100k,,,,,,,,"0.039"" L x 0.020"" W (1.00mm x 0.50mm)",,100000,402_100000,,,,,"100k , ±1% , 0402 , AEC-Q200",Digi-Key,,,0402,P100KLCT-ND,,,,±100ppm/°C,,,,±1%,,,,100k,,,,,,,,,,,,,,,,,,,,,,,,,
R15,100k,R0402_0.40MM_HD,R_2P,RES 100K OHM 1/10W 1% 0402 SMD,RT_SUPER_C1.SchDoc,No,,,,,,,,,,,Resistors,,,,=Value,Internal Datasheet,datasheets\Panasonic Electronic Components\AOA0000CE2.pdf,External Datasheet,http://industrial.panasonic.com/www-data/pdf/AOA0000/AOA0000CE2.pdf,,,,,,,,,Thick Film,,,,,,,,,,,-,,,,0.40MM,,,,,,,,,,,50,,,,,Panasonic Electronic Components,ERJ-2RKF1003X,,,100,50.0V,,,,,,,,,,,,,,,,,2,,0402 (1005 Metric),,0402  (0.1W),,Cut Tape (CT),,,0.1W- 1/10W,,,,,,,,,,,,AEC-Q200,100k,,,,,,,,"0.039"" L x 0.020"" W (1.00mm x 0.50mm)",,100000,402_100000,,,,,"100k , ±1% , 0402 , AEC-Q200",Digi-Key,,,0402,P100KLCT-ND,,,,±100ppm/°C,,,,±1%,,,,100k,,,,,,,,,,,,,,,,,,,,,,,,,
R16,1k,R0402_0.40MM_HD,R_2P,RES 1K OHM 1/10W 1% 0402 SMD,RT_SUPER_C1.SchDoc,No,,,,,,,,,,,Resistors,,,,=Value,Internal Datasheet,datasheets\Panasonic Electronic Components\AOA0000CE2.pdf,External Datasheet,http://industrial.panasonic.com/www-data/pdf/AOA0000/AOA0000CE2.pdf,,,,,,,,,Thick Film,,,,,,,,,,,-,,,,0.40MM,,,,,,,,,,,50,,,,,Panasonic Electronic Components,ERJ-2RKF1001X,,,100,10.0V,,,,,,,,,,,,,,,,,2,,0402 (1005 Metric),,0402  (0.1W),,Cut Tape (CT),,,0.1W- 1/10W,,,,,,,,,,,,AEC-Q200,1k,,,,,,,,"0.039"" L x 0.020"" W (1.00mm x 0.50mm)",,1000,402_1000,,,,,"1k , ±1% , 0402 , AEC-Q200",Digi-Key,,,0402,P1.00KLCT-ND,,,,±100ppm/°C,,,,±1%,,,,1k,,,,,,,,,,,,,,,,,,,,,,,,,
R17,100k,R0402_0.40MM_HD,R_2P,RES 100K OHM 1/10W 1% 0402 SMD,RT_SUPER_C1.SchDoc,No,,,,,,,,,,,Resistors,,,,=Value,Internal Datasheet,datasheets\Panasonic Electronic Components\AOA0000CE2.pdf,External Datasheet,http://industrial.panasonic.com/www-data/pdf/AOA0000/AOA0000CE2.pdf,,,,,,,,,Thick Film,,,,,,,,,,,-,,,,0.40MM,,,,,,,,,,,50,,,,,Panasonic Electronic Components,ERJ-2RKF1003X,,,100,50.0V,,,,,,,,,,,,,,,,,2,,0402 (1005 Metric),,0402  (0.1W),,Cut Tape (CT),,,0.1W- 1/10W,,,,,,,,,,,,AEC-Q200,100k,,,,,,,,"0.039"" L x 0.020"" W (1.00mm x 0.50mm)",,100000,402_100000,,,,,"100k , ±1% , 0402 , AEC-Q200",Digi-Key,,,0402,P100KLCT-ND,,,,±100ppm/°C,,,,±1%,,,,100k,,,,,,,,,,,,,,,,,,,,,,,,,
R18,100k,R0402_0.40MM_HD,R_2P,RES 100K OHM 1/10W 1% 0402 SMD,RT_SUPER_C1.SchDoc,No,,,,,,,,,,,Resistors,,,,=Value,Internal Datasheet,datasheets\Panasonic Electronic Components\AOA0000CE2.pdf,External Datasheet,http://industrial.panasonic.com/www-data/pdf/AOA0000/AOA0000CE2.pdf,,,,,,,,,Thick Film,,,,,,,,,,,-,,,,0.40MM,,,,,,,,,,,50,,,,,Panasonic Electronic Components,ERJ-2RKF1003X,,,100,50.0V,,,,,,,,,,,,,,,,,2,,0402 (1005 Metric),,0402  (0.1W),,Cut Tape (CT),,,0.1W- 1/10W,,,,,,,,,,,,AEC-Q200,100k,,,,,,,,"0.039"" L x 0.020"" W (1.00mm x 0.50mm)",,100000,402_100000,,,,,"100k , ±1% , 0402 , AEC-Q200",Digi-Key,,,0402,P100KLCT-ND,,,,±100ppm/°C,,,,±1%,,,,100k,,,,,,,,,,,,,,,,,,,,,,,,,
R19,1k,R0402_0.40MM_HD,R_2P,RES 1K OHM 1/10W 1% 0402 SMD,RT_SUPER_C1.SchDoc,No,,,,,,,,,,,Resistors,,,,=Value,Internal Datasheet,datasheets\Panasonic Electronic Components\AOA0000CE2.pdf,External Datasheet,http://industrial.panasonic.com/www-data/pdf/AOA0000/AOA0000CE2.pdf,,,,,,,,,Thick Film,,,,,,,,,,,-,,,,0.40MM,,,,,,,,,,,50,,,,,Panasonic Electronic Components,ERJ-2RKF1001X,,,100,10.0V,,,,,,,,,,,,,,,,,2,,0402 (1005 Metric),,0402  (0.1W),,Cut Tape (CT),,,0.1W- 1/10W,,,,,,,,,,,,AEC-Q200,1k,,,,,,,,"0.039"" L x 0.020"" W (1.00mm x 0.50mm)",,1000,402_1000,,,,,"1k , ±1% , 0402 , AEC-Q200",Digi-Key,,,0402,P1.00KLCT-ND,,,,±100ppm/°C,,,,±1%,,,,1k,,,,,,,,,,,,,,,,,,,,,,,,,
R2,20k,R0402_0.40MM_HD,R_2P,RES 20K OHM 1/10W 1% 0402 SMD,RT_SUPER_C1.SchDoc,No,,,,,,,,,,,Resistors,,,,=Value,Internal Datasheet,datasheets\Panasonic Electronic Components\AOA0000CE2.pdf,External Datasheet,http://industrial.panasonic.com/www-data/pdf/AOA0000/AOA0000CE2.pdf,,,,,,,,,Thick Film,,,,,,,,,,,-,,,,0.40MM,,,,,,,,,,,50,,,,,Panasonic Electronic Components,ERJ-2RKF2002X,,,100,44.7V,,,,,,,,,,,,,,,,,2,,0402 (1005 Metric),,0402  (0.1W),,Cut Tape (CT),,,0.1W- 1/10W,,,,,,,,,,,,AEC-Q200,20k,,,,,,,,"0.039"" L x 0.020"" W (1.00mm x 0.50mm)",,20000,402_20000,,,,,"20k , ±1% , 0402 , AEC-Q200",Digi-Key,,,0402,P20.0KLCT-ND,,,,±100ppm/°C,,,,±1%,,,,20k,,,,,,,,,,,,,,,,,,,,,,,,,
R20,1k,R0402_0.40MM_HD,R_2P,RES 1K OHM 1/10W 1% 0402 SMD,RT_SUPER_C1.SchDoc,No,,,,,,,,,,,Resistors,,,,=Value,Internal Datasheet,datasheets\Panasonic Electronic Components\AOA0000CE2.pdf,External Datasheet,http://industrial.panasonic.com/www-data/pdf/AOA0000/AOA0000CE2.pdf,,,,,,,,,Thick Film,,,,,,,,,,,-,,,,0.40MM,,,,,,,,,,,50,,,,,Panasonic Electronic Components,ERJ-2RKF1001X,,,100,10.0V,,,,,,,,,,,,,,,,,2,,0402 (1005 Metric),,0402  (0.1W),,Cut Tape (CT),,,0.1W- 1/10W,,,,,,,,,,,,AEC-Q200,1k,,,,,,,,"0.039"" L x 0.020"" W (1.00mm x 0.50mm)",,1000,402_1000,,,,,"1k , ±1% , 0402 , AEC-Q200",Digi-Key,,,0402,P1.00KLCT-ND,,,,±100ppm/°C,,,,±1%,,,,1k,,,,,,,,,,,,,,,,,,,,,,,,,
R21,0,R0402_0.40MM_HD,R_2P,RES 0.0 OHM 1/10W JUMP 0402 SMD,RT_SUPER_C1.SchDoc,No,,,,,,,,,,,Resistors,,,,=Value,Internal Datasheet,datasheets\Panasonic Electronic Components\AOA0000CE1.pdf,External Datasheet,http://industrial.panasonic.com/www-data/pdf/AOA0000/AOA0000CE1.pdf,,,,,,,,,Thick Film,,,,,,,,,,,-,,,,0.40MM,,,,,,,,,,,50,,,,,Panasonic Electronic Components,ERJ-2GE0R00X,,,100,0.0V,,,,,,,,,,,,,,,,,2,,0402 (1005 Metric),,0402  (0.1W),,,,,0.1W- 1/10W,,,,,,,,,,,,AEC-Q200,0,,,,,,,,"0.039"" L x 0.020"" W (1.00mm x 0.50mm)",,0,402_0,,,,,"0 , Jumper , 0402 , AEC-Q200",Digi-Key,,,0402,P0.0JCT-ND,,,,-,,,,Jumper,,,,0,,,,,,,,,,,,,,,,,,,,,,,,,
R22,0,R0402_0.40MM_HD,R_2P,RES 0.0 OHM 1/10W JUMP 0402 SMD,RT_SUPER_C1.SchDoc,No,,,,,,,,,,,Resistors,,,,=Value,Internal Datasheet,datasheets\Panasonic Electronic Components\AOA0000CE1.pdf,External Datasheet,http://industrial.panasonic.com/www-data/pdf/AOA0000/AOA0000CE1.pdf,,,,,,,,,Thick Film,,,,,,,,,,,-,,,,0.40MM,,,,,,,,,,,50,,,,,Panasonic Electronic Components,ERJ-2GE0R00X,,,100,0.0V,,,,,,,,,,,,,,,,,2,,0402 (1005 Metric),,0402  (0.1W),,,,,0.1W- 1/10W,,,,,,,,,,,,AEC-Q200,0,,,,,,,,"0.039"" L x 0.020"" W (1.00mm x 0.50mm)",,0,402_0,,,,,"0 , Jumper , 0402 , AEC-Q200",Digi-Key,,,0402,P0.0JCT-ND,,,,-,,,,Jumper,,,,0,,,,,,,,,,,,,,,,,,,,,,,,,
R23,0,R0402_0.40MM_HD,R_2P,RES 0.0 OHM 1/10W JUMP 0402 SMD,RT_SUPER_C1.SchDoc,No,,,,,,,,,,,Resistors,,,,=Value,Internal Datasheet,datasheets\Panasonic Electronic Components\AOA0000CE1.pdf,External Datasheet,http://industrial.panasonic.com/www-data/pdf/AOA0000/AOA0000CE1.pdf,,,,,,,,,Thick Film,,,,,,,,,,,-,,,,0.40MM,,,,,,,,,,,50,,,,,Panasonic Electronic Components,ERJ-2GE0R00X,,,100,0.0V,,,,,,,,,,,,,,,,,2,,0402 (1005 Metric),,0402  (0.1W),,,,,0.1W- 1/10W,,,,,,,,,,,,AEC-Q200,0,,,,,,,,"0.039"" L x 0.020"" W (1.00mm x 0.50mm)",,0,402_0,,,,,"0 , Jumper , 0402 , AEC-Q200",Digi-Key,,,0402,P0.0JCT-ND,,,,-,,,,Jumper,,,,0,,,,,,,,,,,,,,,,,,,,,,,,,
R3,2.2k,R0402_0.40MM_HD,R_2P,RES 2.2K OHM 1/10W 1% 0402 SMD,RT_SUPER_C1.SchDoc,No,,,,,,,,,,,Resistors,,,,=Value,Internal Datasheet,datasheets\Panasonic Electronic Components\AOA0000CE2.pdf,External Datasheet,http://industrial.panasonic.com/www-data/pdf/AOA0000/AOA0000CE2.pdf,,,,,,,,,Thick Film,,,,,,,,,,,-,,,,0.40MM,,,,,,,,,,,50,,,,,Panasonic Electronic Components,ERJ-2RKF2201X,,,100,14.8V,,,,,,,,,,,,,,,,,2,,0402 (1005 Metric),,0402  (0.1W),,Cut Tape (CT),,,0.1W- 1/10W,,,,,,,,,,,,AEC-Q200,2.2k,,,,,,,,"0.039"" L x 0.020"" W (1.00mm x 0.50mm)",,2200,402_2200,,,,,"2.2k , ±1% , 0402 , AEC-Q200",Digi-Key,,,0402,P2.20KLCT-ND,,,,±100ppm/°C,,,,±1%,,,,2.2k,,,,,,,,,,,,,,,,,,,,,,,,,
R4,2.2k,R0402_0.40MM_HD,R_2P,RES 2.2K OHM 1/10W 1% 0402 SMD,RT_SUPER_C1.SchDoc,No,,,,,,,,,,,Resistors,,,,=Value,Internal Datasheet,datasheets\Panasonic Electronic Components\AOA0000CE2.pdf,External Datasheet,http://industrial.panasonic.com/www-data/pdf/AOA0000/AOA0000CE2.pdf,,,,,,,,,Thick Film,,,,,,,,,,,-,,,,0.40MM,,,,,,,,,,,50,,,,,Panasonic Electronic Components,ERJ-2RKF2201X,,,100,14.8V,,,,,,,,,,,,,,,,,2,,0402 (1005 Metric),,0402  (0.1W),,Cut Tape (CT),,,0.1W- 1/10W,,,,,,,,,,,,AEC-Q200,2.2k,,,,,,,,"0.039"" L x 0.020"" W (1.00mm x 0.50mm)",,2200,402_2200,,,,,"2.2k , ±1% , 0402 , AEC-Q200",Digi-Key,,,0402,P2.20KLCT-ND,,,,±100ppm/°C,,,,±1%,,,,2.2k,,,,,,,,,,,,,,,,,,,,,,,,,
R5,20k,R0402_0.40MM_HD,R_2P,RES 20K OHM 1/10W 1% 0402 SMD,RT_SUPER_C1.SchDoc,No,,,,,,,,,,,Resistors,,,,=Value,Internal Datasheet,datasheets\Panasonic Electronic Components\AOA0000CE2.pdf,External Datasheet,http://industrial.panasonic.com/www-data/pdf/AOA0000/AOA0000CE2.pdf,,,,,,,,,Thick Film,,,,,,,,,,,-,,,,0.40MM,,,,,,,,,,,50,,,,,Panasonic Electronic Components,ERJ-2RKF2002X,,,100,44.7V,,,,,,,,,,,,,,,,,2,,0402 (1005 Metric),,0402  (0.1W),,Cut Tape (CT),,,0.1W- 1/10W,,,,,,,,,,,,AEC-Q200,20k,,,,,,,,"0.039"" L x 0.020"" W (1.00mm x 0.50mm)",,20000,402_20000,,,,,"20k , ±1% , 0402 , AEC-Q200",Digi-Key,,,0402,P20.0KLCT-ND,,,,±100ppm/°C,,,,±1%,,,,20k,,,,,,,,,,,,,,,,,,,,,,,,,
R6,0,R0402_0.40MM_HD,R_2P,RES 0.0 OHM 1/10W JUMP 0402 SMD,RT_SUPER_C1.SchDoc,No,,,,,,,,,,,Resistors,,,,=Value,Internal Datasheet,datasheets\Panasonic Electronic Components\AOA0000CE1.pdf,External Datasheet,http://industrial.panasonic.com/www-data/pdf/AOA0000/AOA0000CE1.pdf,,,,,,,,,Thick Film,,,,,,,,,,,-,,,,0.40MM,,,,,,,,,,,50,,,,,Panasonic Electronic Components,ERJ-2GE0R00X,,,100,0.0V,,,,,,,,,,,,,,,,,2,,0402 (1005 Metric),,0402  (0.1W),,,,,0.1W- 1/10W,,,,,,,,,,,,AEC-Q200,0,,,,,,,,"0.039"" L x 0.020"" W (1.00mm x 0.50mm)",,0,402_0,,,,,"0 , Jumper , 0402 , AEC-Q200",Digi-Key,,,0402,P0.0JCT-ND,,,,-,,,,Jumper,,,,0,,,,,,,,,,,,,,,,,,,,,,,,,
R7,0,R0402_0.40MM_HD,R_2P,RES 0.0 OHM 1/10W JUMP 0402 SMD,RT_SUPER_C1.SchDoc,No,,,,,,,,,,,Resistors,,,,=Value,Internal Datasheet,datasheets\Panasonic Electronic Components\AOA0000CE1.pdf,External Datasheet,http://industrial.panasonic.com/www-data/pdf/AOA0000/AOA0000CE1.pdf,,,,,,,,,Thick Film,,,,,,,,,,,-,,,,0.40MM,,,,,,,,,,,50,,,,,Panasonic Electronic Components,ERJ-2GE0R00X,,,100,0.0V,,,,,,,,,,,,,,,,,2,,0402 (1005 Metric),,0402  (0.1W),,,,,0.1W- 1/10W,,,,,,,,,,,,AEC-Q200,0,,,,,,,,"0.039"" L x 0.020"" W (1.00mm x 0.50mm)",,0,402_0,,,,,"0 , Jumper , 0402 , AEC-Q200",Digi-Key,,,0402,P0.0JCT-ND,,,,-,,,,Jumper,,,,0,,,,,,,,,,,,,,,,,,,,,,,,,
R8,100k,R0402_0.40MM_HD,R_2P,RES 100K OHM 1/10W 1% 0402 SMD,RT_SUPER_C1.SchDoc,No,,,,,,,,,,,Resistors,,,,=Value,Internal Datasheet,datasheets\Panasonic Electronic Components\AOA0000CE2.pdf,External Datasheet,http://industrial.panasonic.com/www-data/pdf/AOA0000/AOA0000CE2.pdf,,,,,,,,,Thick Film,,,,,,,,,,,-,,,,0.40MM,,,,,,,,,,,50,,,,,Panasonic Electronic Components,ERJ-2RKF1003X,,,100,50.0V,,,,,,,,,,,,,,,,,2,,0402 (1005 Metric),,0402  (0.1W),,Cut Tape (CT),,,0.1W- 1/10W,,,,,,,,,,,,AEC-Q200,100k,,,,,,,,"0.039"" L x 0.020"" W (1.00mm x 0.50mm)",,100000,402_100000,,,,,"100k , ±1% , 0402 , AEC-Q200",Digi-Key,,,0402,P100KLCT-ND,,,,±100ppm/°C,,,,±1%,,,,100k,,,,,,,,,,,,,,,,,,,,,,,,,
U1,MIMXRT685SFVKB,VFBGA176,MIMXRT685SFVKB,SOC i.MX ARM Cortex M33 176-Pin VFBGA Tray,RT_SUPER_C1.SchDoc,No,,,Warning,,,,,,,,,,https://www.snapeda.com/parts/MIMXRT633SFVKB/Nexperia/view-part/5163781/?ref=eda,,=Value,,,,,,,,,,,,,,,,,,,,,,,,,,,,,,,,,,,,,,,,,,,,NXP Semiconductors,MIMXRT685SFVKB,,,,,,,,,,,,,,,,,,,,,,,None,,,,,,,,,,None,,,,https://pricing.snapeda.com/search/part/MIMXRT633SFVKB/?ref=eda,,,,,,,,,,,,,,,https://www.snapeda.com/parts/MIMXRT633SFVKB/Nexperia/view-part/5163781/?ref=snap,,,,,,,,,,,,,,,,,,,,,,,,MIMXRT685SFVKB,,,,,,,,,,,,,,,,,,,,,,,,,
U2,PCA9420BSAZ,PCA9420,PCA9420BSAZ,Power Management IC for Low-Power Microcontroller Applications 24-Pin HVQFN,RT_SUPER_C1.SchDoc,No,,,,,,,,,,,,,https://www.snapeda.com/parts/PCA9420BSAZ/NXP%20Semiconductors/view-part/5003095/?ref=eda,,PCA9420BSAZ,,,,,,,,,,,,,,,,,,,,,,,,,,,,,,,,,,,,,,,,,,,,NXP Semiconductors,PCA9420BSAZ,,,,,,,,,,,,,,,,,,,,,,,,,,,,,,,,,,"1=3.09000, 10=2.78000, 50=2.63000, 100=2.28000, 1000=2.23000, 10000=2.20000 (USD)",,,,,,,,,,,,Yes,Yes,,,,,https://www.snapeda.com/parts/PCA9420BSAZ/NXP%20Semiconductors/view-part/5003095/?ref=snap,,,,,953,,,Mouser,,,,771-PCA9420BSAZ,,,,,,,,,,,,*,,,,,,,,,,,,,,,,,,,,,,,,,
U3,SN74AUC1G07DBVR,SOT23-5,SN74AUC1G07DBVR,IC BUFF NON-INVERT 2.7 V SOT23-5,RT_SUPER_C1.SchDoc,No,,,,,,,,,,SOT-23-5,"Buffers, Drivers and Transceivers",,,,=Value,https://datasheet.ciiva.com/1833/sn74auc1g07-1833760.pdf?src-supplier=Digi-Key,https://datasheet.ciiva.com/1833/sn74auc1g07-1833760.pdf?src-supplier=Digi-Key,https://datasheet.ciiva.com/14302/sces373q-14302179.pdf?src-supplier=Avnet,https://datasheet.ciiva.com/14302/sces373q-14302179.pdf?src-supplier=Avnet,https://datasheet.ciiva.com/15094/getdatasheetpartid-69632-15094449.pdf?src-supplier=Verical,https://datasheet.ciiva.com/15094/getdatasheetpartid-69632-15094449.pdf?src-supplier=Verical,https://datasheet.ciiva.com/1833/sn74auc1g07-1833761.pdf?src-supplier=Digi-Key,https://datasheet.ciiva.com/1833/sn74auc1g07-1833761.pdf?src-supplier=Digi-Key,https://datasheet.ciiva.com/1833/sn74auc1g07-1833762.pdf?src-supplier=Digi-Key,https://datasheet.ciiva.com/1833/sn74auc1g07-1833762.pdf?src-supplier=Digi-Key,https://datasheet.ciiva.com/14302/sces373q-14302175.pdf?src-supplier=Avnet,https://datasheet.ciiva.com/14302/sces373q-14302175.pdf?src-supplier=Avnet,,,,,,,,,,,,,,,,,,9mA,,,,,Lead Free,,,,,,"Buffer,Inverting",9mA,,Texas Instruments,SN74AUC1G07DBVR,85°C,2.7V,,,,-40°C,800mV,Surface Mount,,,1,1,1,1,1,1,1,1,1,5,,,,,,3000,Tape and Reel,,Non-Inverting,,,,,"1=0.41000, 10=0.32900, 25=0.30080, 100=0.22390, 250=0.20288, 500=0.16790, 1000=0.12593 (USD)",,1.7ns,,10uA,Unknown,No,,,,,,Yes,Yes,,74AUC,,,,,,,,6487,,,Digi-Key,,,,296-12463-1-ND,,,CMOS,,,,,,3.3ns,,,SN74AUC1G07DBVR,,,,,,,,,,,,,,,,,,,,,,,,,
U4,"PRTR5V0U2X,215",SOT143B,"PRTR5V0U2X,215",TVS DIODE 5.5VWM SOT143B,RT_SUPER_C1.SchDoc,No,General Purpose,,,2,,1pF @ 1MHz,,,,,Circuit Protection,,,,=Value,http://www.nxp.com/documents/data_sheet/PRTR5V0U2X.pdf,http://www.nxp.com/documents/data_sheet/PRTR5V0U2X.pdf,,,,,,,,,,,,,-,,,,,,,,,,,,,,,,,,,,,,,,,,,,,NXP Semiconductors,"PRTR5V0U2X,215",,,,,,,,,Surface Mount,,,,,,,,,,,,,-40°C ~ 85°C (TA),,"TO-253-4, TO-253AA",,,Cut Tape (CT),,,,-,Yes,,"1=0.57, 10=0.477, 25=0.418, 100=0.3578, 250=0.31036, 500=0.26286, 1000=0.20265 (USD)",,,,,,,,,,,,RoHS Compliant,,,,,,,,,,,11734,,,Digi-Key,,SOT-143B,,568-4140-1-ND,,,,,,,,,,Steering (Rail to Rail),-,"PRTR5V0U2X,215",,6V,-,,,,,5.5V (Max),,,,,,,,,,,,,,,,,
U5,W25Q16JWXHIQ,W25Q_XSON_8,W25QXX-XSON,16Mbit 1.65V~1.95V 133MHz SPI XSON-8-EP(2x3) Memory (ICs) ROHS,RT_SUPER_C1.SchDoc,No,,,,,,,,,,,,,,,=Value,,,,,,,,,,,,,,,,,,,,,,,,,,,,,,,,,,C2835333,,,,,,,,,,Winbond,W25Q16JWXHIQ,,,,,,,,,,,,,,,,,,,,,,,,,,,,,,,,,,,,,,,,,,,,,,,,,,,,,,,,,,,,,,,,,,,,,,,,,,,,W25Q16JWXHIQ,,,,,,,,,,,,,,W25Q16JWXHIQ,ic,,,,W25Q_XSON_8,footprints\ic\W25Q_XSON_8.kicad_mod,W25QXX-USON,symbols\ic\flash-memory\W25QXX-USON.kicad_sym,,,flash_memory
U6,W25Q64JVSSIQ,SOIC127P830X200-8L,W25Q,64Mbit 1V8 SOIC-8-208mil NOR FLASH ROHS,RT_SUPER_C1.SchDoc,No,,,,,,,,,,,,,,,=Value,,,,,,,,,,,,,,,,,,,,,,,,,,,,,,,,,,,,,,,,,,,,,,,,,,,,,,,,,,,,,,,,,,,,,,,,,,,,,,,,,,,,,,,,,,,,,,,,,,,,,,,,,,,,,,,,,,,,,,,,,W25Q64JVSSIQ,,,,,,,,,,,,,,W25Q64JWSSIQ,,ic/flash_memory,019cf8db-ceaa-7e46-b4d4-a7dc12e95b9b,C2895586,SOIC127P830X200-8L,footprints\SOIC127P830X200-8L.kicad_mod,W25Q,symbols\W25Q.kicad_sym,Winbond,W25Q64JWSSIQ,
X1,32.768kHz,XTAL_3215,NX3215SA-32.768K-STD-MUA-9,CRYSTAL 32.768KHZ 9PF SMD,RT_SUPER_C1.SchDoc,No,,,,,,,,,,SMD/SMT,,,,,=Value,,,,,,,,,,,,,,,,,,,,,,,70kR,,32.768kHz,20ppm,,0.035inch,,,,,,,Lead Free,0.126inch,,,,9pF,,,,NDK,NX3215SA-32.768K-STD-MUA-9,85°C,,,,,-40°C,,Surface Mount,,,,,,,,,,,,2,,,,,,1000,Tape and Reel,,,,,,,,"1=0.68, 10=0.602, 50=0.5628, 100=0.4974, 500=0.47124, 1000=0.3927 (USD)",,,,,,,,,,,,,,,,,,,,,,,39338,,Digi-Key,,,,644-1155-6-ND,,,,,,,,,,,,32.768kHz,,,,,,,,,,,,,0.059inch,,,,,,,,,,,,
X2,24MHz,XTAL-2.5x2.0mm,CRYSTAL_4P--1-3-GND-2-4,8pF SMD2520-4P Crystals ROHS,RT_SUPER_C1.SchDoc,No,,,,,,,,,,,,,,,=Value,,,,,,,,,,,,,,,,,,,,,,,,,,,,,,,,,,,,,,,,,,,,,,,,,,,,,,,,,,,,,,,,,,,,,,,,,,,,,,,,,,,,,,,,,,,,,,,,,,,,,,,,,,,,,,,,,,,,,,,,,24MHz,,,,,,,,,,,,,,ECS-240-8-36CKM-TR,,crystal_osc/smt,019a404e-952d-7e39-c884-6e495835a3c8,C435195,XTAL-2.5x2.0mm,footprints\XTAL-2.5x2.0mm.kicad_mod,CRYSTAL_4P--1-3-GND-2-4,symbols\CRYSTAL_4P--1-3-GND-2-4.kicad_sym,ECS,ECS-240-8-36CKM-TR,
